作品ID,作品名,作品名読み,ソート用読み,副題,副題読み,原題,初出,分類番号,文字遣い種別,作品著作権フラグ,公開日,最終更新日,図書カードURL,人物ID,姓,名,姓読み,名読み,姓読みソート用,名読みソート用,姓ローマ字,名ローマ字,役割フラグ,生年月日,没年月日,人物著作権フラグ,底本名1,底本出版社名1,底本初版発行年1,入力に使用した版1,校正に使用した版1,底本の親本名1,底本の親本出版社名1,底本の親本初版発行年1,底本名2,底本出版社名2,底本初版発行年2,入力に使用した版2,校正に使用した版2,底本の親本名2,底本の親本出版社名2,底本の親本初版発行年2,入力者,校正者,テキストファイルURL,テキストファイル最終更新日,テキストファイル符号化方式,テキストファイル文字集合,テキストファイル修正回数,XHTML/HTMLファイルURL,XHTML/HTMLファイル最終更新日,XHTML/HTMLファイル符号化方式,XHTML/HTMLファイル文字集合,XHTML/HTMLファイル修正回数
"060357","新浦島","しんうらしま","しんうらしま","","","RIP VAN WINKLE. EINE NACHGELASSENE SCHRIFT VON DIETRICH KNICKERBOCKER.","「少年園　第二巻　第十三号」1889（明治22）年5月3日<br>「少年園　第二巻　第十四号」1889（明治22）年5月18日<br>「少年園　第二巻　第十五号」1889（明治22）年6月3日<br>「少年園　第二巻　第十六号」1889（明治22）年6月18日<br>「少年園　第二巻　第十七号」1889（明治22）年7月3日<br>「少年園　第二巻　第十八号」1889（明治22）年7月18日<br>「少年園　第二巻　第二十号」1889（明治22）年8月18日","NDC K933","新字旧仮名","なし",2022-07-09,2022-06-26,"https://www.aozora.gr.jp/cards/001257/card60357.html","001257","アーヴィング","ワシントン","アーヴィング","ワシントン","ああういんく","わしんとん","Irving","Washington","著者","1783-04-03","1859-11-28","なし","鴎外選集　第16巻","岩波書店","1980（昭和55）年2月22日","1980（昭和55）年6月30日第2刷","1980（昭和55）年2月22日第1刷","","","","","","","","","","","","砂場清隆","岡村和彦","https://www.aozora.gr.jp/cards/001257/files/60357_ruby_75861.zip","2022-06-26","ShiftJIS","JIS X 0208","0","https://www.aozora.gr.jp/cards/001257/files/60357_75896.html","2022-06-26","ShiftJIS","JIS X 0208","0"
"049328","大久保湖州","おおくぼこしゅう","おおくほこしゆう","","","","（上）「女性改造　第三巻第五号」1924（大正13）年5月1日、（下）「女性改造　第三巻第六号」1924（大正13）年6月1日","NDC 289 914","新字旧仮名","なし",2008-12-21,2014-09-21,"https://www.aozora.gr.jp/cards/000879/card49328.html","000879","芥川","竜之介","あくたがわ","りゅうのすけ","あくたかわ","りゆうのすけ","Akutagawa","Ryunosuke","著者","1892-03-01","1927-07-24","なし","芥川龍之介全集　第十一巻","岩波書店","1996（平成8）年9月9日","1996（平成8）年9月9日","","梅・馬・鶯","新潮社","1926（大正15）年12月25日","","","","","","","","","もりみつじゅんじ","土屋隆","https://www.aozora.gr.jp/cards/000879/files/49328_ruby_33094.zip","2008-12-03","ShiftJIS","JIS X 0208","0","https://www.aozora.gr.jp/cards/000879/files/49328_33646.html","2008-12-03","ShiftJIS","JIS X 0208","0"
"033204","遺稿","いこう","いこう","","","","","NDC 913","旧字旧仮名","なし",2003-09-13,2014-09-18,"https://www.aozora.gr.jp/cards/000050/card33204.html","000050","泉","鏡花","いずみ","きょうか","いすみ","きようか","Izumi","Kyoka","著者","1873-11-04","1939-09-07","なし","鏡花全集　第二十四巻","岩波書店","1940（昭和15）年6月30日","1988（昭和63）年8月2日第3刷","1988（昭和63）年8月2日第3刷","","","","","","","","","","","","門田裕志","多羅尾伴内","https://www.aozora.gr.jp/cards/000050/files/33204_ruby_12203.zip","2003-09-03","ShiftJIS","JIS X 0208","0","https://www.aozora.gr.jp/cards/000050/files/33204_12204.html","2003-09-03","ShiftJIS","JIS X 0208","0"
"060609","雨月物語","うげつものがたり","うけつものかたり","02 現代語訳　雨月物語","02 げんだいごやく　うげつものがたり","","「雨月物語」角川文庫、角川書店、1959（昭和34）年11月30日","","新字新仮名","なし",2023-08-08,2023-10-09,"https://www.aozora.gr.jp/cards/001271/card60609.html","001271","上田","秋成","うえだ","あきなり","うえた","あきなり","Ueda","Akinari","著者","1734-07-25","1809-08-08","なし","改訂　雨月物語　現代語訳付き","角川文庫、KADOKAWA","2006（平成18）年7月25日","2020（令和2）年5月15日26版","2021（令和3）年3月5日30版","雨月物語","野梅堂","1776（安永5）年4月","","","","","","","","","砂場清隆","みきた","https://www.aozora.gr.jp/cards/001271/files/60609_ruby_77360.zip","2023-10-09","ShiftJIS","JIS X 0208","1","https://www.aozora.gr.jp/cards/001271/files/60609_77359.html","2023-10-09","ShiftJIS","JIS X 0208","1"
"060608","雨月物語","うげつものがたり","うけつものかたり","03 校注　雨月物語","03 こうちゅう　うげつものがたり","","「雨月物語」角川文庫、角川書店、1959（昭和34）年11月30日","","新字旧仮名","なし",2024-06-12,2024-06-08,"https://www.aozora.gr.jp/cards/001271/card60608.html","001271","上田","秋成","うえだ","あきなり","うえた","あきなり","Ueda","Akinari","著者","1734-07-25","1809-08-08","なし","改訂　雨月物語　現代語訳付き","角川文庫、KADOKAWA","2006（平成18）年7月25日","2020（令和2）年5月15日26版","2021（令和3）年3月5日30版","雨月物語","野梅堂","1776（安永5）年4月","","","","","","","","","砂場清隆","みきた","https://www.aozora.gr.jp/cards/001271/files/60608_ruby_77892.zip","2024-05-29","ShiftJIS","JIS X 0208","0","https://www.aozora.gr.jp/cards/001271/files/60608_77891.html","2024-05-29","ShiftJIS","JIS X 0208","0"
"056634","幻化","げんか","けんか","","","","「新潮」新潮社、1965（昭和40）年6月","NDC 913","新字新仮名","なし",2016-02-29,2016-01-01,"https://www.aozora.gr.jp/cards/001798/card56634.html","001798","梅崎","春生","うめざき","はるお","うめさき","はるお","Umezaki","Haruo","著者","1915-02-15","1965-07-19","なし","桜島・日の果て・幻化","講談社文芸文庫、講談社","1989（平成元）年6月10日","1989（平成元）年6月10日第1刷","2014（平成26）年2月3日第20刷","梅崎春生全集　第六巻","新潮社","1967（昭和42）年5月10日","","","","","","","","","kompass","酒井裕二","https://www.aozora.gr.jp/cards/001798/files/56634_ruby_58202.zip","2016-01-01","ShiftJIS","JIS X 0208","0","https://www.aozora.gr.jp/cards/001798/files/56634_58211.html","2016-01-01","ShiftJIS","JIS X 0208","0"
"001255","海野十三敗戦日記","うんのじゅうざはいせんにっき","うんのしゆうさはいせんにつき","","","","","NDC 915","新字新仮名","なし",2001-01-13,2014-09-17,"https://www.aozora.gr.jp/cards/000160/card1255.html","000160","海野","十三","うんの","じゅうざ","うんの","しゆうさ","Unno","Juza","著者","1897-12-26","1949-05-17","なし","海野十三全集　別巻2　日記・書簡・雑纂","三一書房","1993（平成5）年1月31日","1993（平成5）年1月31日第1版第1刷","1993（平成5）年1月31日第1版第1刷","海野十三敗戦日記、橋本哲男編","講談社","1971（昭和46）年7月24日","","","","","","","","","青空文庫","伊藤時也","https://www.aozora.gr.jp/cards/000160/files/1255_ruby_6570.zip","2012-12-19","ShiftJIS","JIS X 0208","2","https://www.aozora.gr.jp/cards/000160/files/1255_6571.html","2012-12-19","ShiftJIS","JIS X 0208","1"
"051731","古事記","こじき","こしき","02 校註　古事記","02 こうちゅう　こじき","","","NDC 210","その他","なし",2013-07-15,2015-08-14,"https://www.aozora.gr.jp/cards/001518/card51731.html","001518","太","安万侶","おおの","やすまろ","おおの","やすまろ","oono","yasumaro","著者","","723-08-15","なし","古事記","角川文庫、角川書店","1956（昭和31）年5月20日","1965（昭和40）年9月20日20版","1975（昭和50）年9月30日42版","眞福寺本","　","","","","","","","","","","川山隆","しだひろし","https://www.aozora.gr.jp/cards/001518/files/51731_ruby_50520.zip","2013-05-21","ShiftJIS","JIS X 0208","0","https://www.aozora.gr.jp/cards/001518/files/51731_50813.html","2013-05-21","ShiftJIS","JIS X 0208","0"
"045231","オフェリヤ殺し","オフェリヤごろし","おふえりやころし","","","","「改造」改造社、1935（昭和10）年2月号","NDC 913","新字新仮名","なし",2007-02-20,2014-09-21,"https://www.aozora.gr.jp/cards/000125/card45231.html","000125","小栗","虫太郎","おぐり","むしたろう","おくり","むしたろう","Oguri","Mushitaro","著者","1901-03-14","1946-02-10","なし","二十世紀鉄仮面　小栗虫太郎全作品4","桃源社","1979（昭和54）年3月15日","1979（昭和54）年3月15日","1997（平成9）年9月15日第4回配本","二十世紀鉄仮面","桃源社","1971（昭和46）年11月15日","","","","","","","","","ロクス・ソルス","土屋隆","https://www.aozora.gr.jp/cards/000125/files/45231_ruby_24950.zip","2009-09-13","ShiftJIS","JIS X 0208","1","https://www.aozora.gr.jp/cards/000125/files/45231_25763.html","2007-01-16","ShiftJIS","JIS X 0208","0"
"018403","愛護若","あいごのわか","あいこのわか","","","","「土俗と伝説　第一巻第一―三号」1918（大正7年）8月～10月","NDC 388","新字旧仮名","なし",2004-01-23,2014-09-18,"https://www.aozora.gr.jp/cards/000933/card18403.html","000933","折口","信夫","おりくち","しのぶ","おりくち","しのふ","Orikuchi","Shinobu","著者","1887-02-11","1953-09-03","なし","折口信夫全集　2","中央公論社","1995（平成7）年3月10日","1995（平成7）年3月10日初版","1995（平成7）年3月10日初版","古代研究　民俗学篇第一","大岡山書店","1929（昭和4）年4月10日","","","","","","","","","高柳典子","多羅尾伴内","https://www.aozora.gr.jp/cards/000933/files/18403_ruby_14404.zip","2004-01-24","ShiftJIS","JIS X 0208","1","https://www.aozora.gr.jp/cards/000933/files/18403_14406.html","2004-01-24","ShiftJIS","JIS X 0208","1"
"018353","貧乏物語","びんぼうものがたり","ひんほうものかたり","","","","","NDC 331","新字新仮名","なし",2008-05-01,2014-09-21,"https://www.aozora.gr.jp/cards/000250/card18353.html","000250","河上","肇","かわかみ","はじめ","かわかみ","はしめ","Kawakami","Hajime","著者","1879-10-20","1946-01-30","なし","貧乏物語","岩波文庫、岩波書店","1947（昭和22）年9月5日、1965（昭和40）年10月16日第30刷改版","1978（昭和53）年11月10日第47版","1992（平成4）年1月10日第63刷","","","","","","","","","","","","sogo","鈴木厚司","https://www.aozora.gr.jp/cards/000250/files/18353_ruby_28946.zip","2008-04-07","ShiftJIS","JIS X 0208","0","https://www.aozora.gr.jp/cards/000250/files/18353_30892.html","2008-04-07","ShiftJIS","JIS X 0208","0"
"002590","愛と認識との出発","あいとにんしきとのしゅっぱつ","あいとにんしきとのしゆつはつ","","","","","NDC 914","新字新仮名","なし",2002-03-18,2014-09-17,"https://www.aozora.gr.jp/cards/000256/card2590.html","000256","倉田","百三","くらた","ひゃくぞう","くらた","ひやくそう","Kurata","Hyakuzo","著者","1891-02-23","1943-02-12","なし","愛と認識との出発","角川文庫、角川書店","1950（昭和25）年6月30日、1967（昭和42）年9月30日64版","1982（昭和57）年12月20日改版31版","","","","","","","","","","","","","藤原隆行","小林繁雄","https://www.aozora.gr.jp/cards/000256/files/2590_ruby_20694.zip","2005-12-06","ShiftJIS","JIS X 0208","1","https://www.aozora.gr.jp/cards/000256/files/2590_20695.html","2005-12-06","ShiftJIS","JIS X 0208","0"
"001413","善くならうとする祈り","よくなろうとするいのり","よくなろうとするいのり","","","","","NDC 914","新字旧仮名","なし",2000-11-22,2014-09-17,"https://www.aozora.gr.jp/cards/000256/card1413.html","000256","倉田","百三","くらた","ひゃくぞう","くらた","ひやくそう","Kurata","Hyakuzo","著者","1891-02-23","1943-02-12","なし","日本の名随筆86　祈","作品社","1989（平成元）年12月25日","","","新装・倉田百三選集　第一巻","春秋社","1976（昭和51）年10月","","","","","","","","","加藤恭子","菅野朋子","https://www.aozora.gr.jp/cards/000256/files/1413_ruby.zip","2000-11-22","ShiftJIS","JIS X 0208","0","https://www.aozora.gr.jp/cards/000256/files/1413.html","2000-11-22","ShiftJIS","JIS X 0208","0"
"058129","赤い婚礼","あかいこんれい","あかいこんれい","","","Red Bridal","","NDC 933","新字新仮名","あり",2017-01-18,2022-04-25,"https://www.aozora.gr.jp/cards/000258/card58129.html","000258","小泉","八雲","こいずみ","やくも","こいすみ","やくも","Koizumi","Yakumo","著者","1850-06-27","1904-09-26","なし","","","","","","","","","","","","","","","","","林田清明","","https://www.aozora.gr.jp/cards/000258/files/58129_ruby_60565.zip","2022-04-25","ShiftJIS","JIS X 0208","3","https://www.aozora.gr.jp/cards/000258/files/58129_60566.html","2022-04-20","ShiftJIS","JIS X 0208","2"
"003508","雁坂越","かりさかごえ","かりさかこえ","","","","","NDC 913","新字新仮名","なし",2001-10-02,2014-09-17,"https://www.aozora.gr.jp/cards/000051/card3508.html","000051","幸田","露伴","こうだ","ろはん","こうた","ろはん","Koda","Rohan","著者","1867-08-20","1947-07-30","なし","ちくま日本文学全集　幸田露伴","筑摩書房","1992（平成4）年3月20日","","","露伴全集","岩波書店","","","","","","","","","","kompass","林幸雄","https://www.aozora.gr.jp/cards/000051/files/3508_ruby_4030.zip","2003-12-21","ShiftJIS","JIS X 0208","1","https://www.aozora.gr.jp/cards/000051/files/3508_14080.html","2003-12-21","ShiftJIS","JIS X 0208","0"
"004620","東西伊呂波短歌評釈","とうざいいろはたんかひょうしゃく","とうさいいろはたんかひようしやく","","","","","NDC 798 914","新字旧仮名","なし",2002-12-21,2014-09-17,"https://www.aozora.gr.jp/cards/000051/card4620.html","000051","幸田","露伴","こうだ","ろはん","こうた","ろはん","Koda","Rohan","著者","1867-08-20","1947-07-30","なし","日本の名随筆70　語","作品社","1988（昭和63）年8月25日","1992（平成4）年4月10日 第7刷","","露伴随筆　第二冊","岩波書店","1983（昭和58）年4月","","","","","","","","","渡邉つよし","門田裕志","https://www.aozora.gr.jp/cards/000051/files/4620_ruby_7776.zip","2002-12-04","ShiftJIS","JIS X 0208","1","https://www.aozora.gr.jp/cards/000051/files/4620_7952.html","2002-12-04","ShiftJIS","JIS X 0208","0"
"051409","手紙","てがみ","てかみ","017 慶応元年九月九日　坂本乙女、おやべあて","017 けいおうがんねんくがつここのか　さかもとおとめ、おやべあて","","","NDC 289","新字旧仮名","なし",2010-08-12,2014-09-21,"https://www.aozora.gr.jp/cards/000908/card51409.html","000908","坂本","竜馬","さかもと","りょうま","さかもと","りようま","Sakamoto","Ryoma","著者","1836-01-03","1867-12-10","なし","龍馬の手紙、宮地佐一郎","講談社学術文庫、講談社","2003（平成15）年12月10日","2008（平成20）年9月19日第7刷","2008（平成20）年9月19日第7刷","","","","","","","","","","","","Yanajin33","Hanren","https://www.aozora.gr.jp/cards/000908/files/51409_ruby_39921.zip","2011-06-18","ShiftJIS","JIS X 0208","2","https://www.aozora.gr.jp/cards/000908/files/51409_39901.html","2011-06-18","ShiftJIS","JIS X 0208","3"
"057368","ぐうたら道中記","ぐうたらどうちゅうき","くうたらとうちゆうき","","","","「主婦之友」主婦之友社、1922（大正11）年1月～12月","NDC 913","新字新仮名","なし",2021-09-22,2021-08-28,"https://www.aozora.gr.jp/cards/001750/card57368.html","001750","佐々木","邦","ささき","くに","ささき","くに","Sasaki","Kuni","著者","1883-05-04","1964-09-22","なし","佐々木邦全集5　ガラマサどん　使う人使われる人　ぐうたら道中記　豊分居雑筆　世間と人間","講談社","1975（昭和50）年2月20日","1980（昭和55）年3月3日第2刷","1975（昭和50）年2月20日第1刷","","","","","","","","","","","","橋本泰平","芝裕久","https://www.aozora.gr.jp/cards/001750/files/57368_ruby_74029.zip","2021-08-28","ShiftJIS","JIS X 0208","0","https://www.aozora.gr.jp/cards/001750/files/57368_74067.html","2021-08-28","ShiftJIS","JIS X 0208","0"
"002309","指","ゆび","ゆひ","","","","「文学時代」1929（昭和4）年6月号","NDC 913","新字新仮名","なし",1999-09-24,2014-09-17,"https://www.aozora.gr.jp/cards/000134/card2309.html","000134","佐左木","俊郎","ささき","としろう","ささき","としろう","Sasaki","Toshiro","著者","1900-04-14","1933-03-13","なし","佐左木俊郎選集","英宝社","1984（昭和59）年4月14日","1984（昭和59）年4月14日初版","1984（昭和59）年4月14日初版","","","","","","","","","","","","大野晋","鈴木伸吾","https://www.aozora.gr.jp/cards/000134/files/2309_ruby_2512.zip","2003-10-27","ShiftJIS","JIS X 0208","2","https://www.aozora.gr.jp/cards/000134/files/2309_13553.html","2003-10-27","ShiftJIS","JIS X 0208","0"
"000351","業平文治漂流奇談","なりひらぶんじひょうりゅうきだん","なりひらふんしひようりゆうきたん","","","","","NDC 779 913","新字新仮名","なし",2000-01-18,2014-09-17,"https://www.aozora.gr.jp/cards/000989/card351.html","000989","三遊亭","円朝","さんゆうてい","えんちょう","さんゆうてい","えんちよう","San'yutei","Encho","著者","1839-05-13","1900-08-11","なし","圓朝全集　巻の四","近代文芸・資料複刻叢書、世界文庫","1963（昭和38）年9月10日","","","圓朝全集　巻の四","春陽堂","1927（昭和2）年6月28日","","","","","","","","","小林繁雄","かとうかおり","https://www.aozora.gr.jp/cards/000989/files/351_ruby.zip","2000-01-18","ShiftJIS","JIS X 0208","0","https://www.aozora.gr.jp/cards/000989/files/351.html","2000-01-18","ShiftJIS","JIS X 0208","0"
"004854","桃の雫","もものしずく","もものしすく","","","","","NDC 914","旧字旧仮名","なし",2008-06-10,2014-09-21,"https://www.aozora.gr.jp/cards/000158/card4854.html","000158","島崎","藤村","しまざき","とうそん","しまさき","とうそん","Shimazaki","Toson","著者","1872-03-25","1943-08-22","なし","藤村全集第十三卷","筑摩書房","1967（昭和42）年3月10日","1978（昭和53）年8月30日愛蔵版","1967（昭和42）年9月10日","","","","","","","","","","","","Nana ohbe","小林繁雄、門田裕志","https://www.aozora.gr.jp/cards/000158/files/4854_ruby_30098.zip","2012-04-26","ShiftJIS","JIS X 0208","1","https://www.aozora.gr.jp/cards/000158/files/4854_31470.html","2012-04-26","ShiftJIS","JIS X 0208","1"
"043785","現代訳論語","げんだいやくろんご","けんたいやくろんこ","","","","","NDC 123","新字新仮名","なし",2016-05-20,2021-10-11,"https://www.aozora.gr.jp/cards/001097/card43785.html","001097","下村","湖人","しもむら","こじん","しもむら","こしん","Shimomura","Kojin","著者","1884-10-03","1955-04-20","なし","下村湖人全集　第五巻","池田書店","1965（昭和40）年5月15日","1965（昭和40）年5月15日","1965（昭和40）年5月15日","","","","","","","","","","","","tatsuki","酒井和郎","https://www.aozora.gr.jp/cards/001097/files/43785_ruby_58793.zip","2021-10-11","ShiftJIS","JIS X 0208","1","https://www.aozora.gr.jp/cards/001097/files/43785_58836.html","2021-10-11","ShiftJIS","JIS X 0208","1"
"004327","45回転の夏","よんじゅうごかいてんのなつ","よんしゆうこかいてんのなつ","第３章　フルサークル、1991年","だいさんしょう　フルサークル、せんきゅうひゃくきゅうじゅういちねん","","「45回転の夏」新潮社、1994（平成6）年7月20日","NDC 913","新字新仮名","あり",2001-12-12,2019-08-28,"https://www.aozora.gr.jp/cards/000113/card4327.html","000113","鶴岡","雄二","つるおか","ゆうじ","つるおか","ゆうし","Tsuruoka","Yuji","著者","1953","","あり","45回転の夏","新潮社","1994（平成6）年7月20日","","","","","","","","","","","","","","鶴岡雄二","Y.N.","https://www.aozora.gr.jp/cards/000113/files/4327_ruby_67507.zip","2019-08-28","ShiftJIS","JIS X 0208","2","https://www.aozora.gr.jp/cards/000113/files/4327_67525.html","2019-08-28","ShiftJIS","JIS X 0208","1"
"002345","比較言語学における統計的研究法の可能性について","ひかくげんごがくにおけるとうけいてきけんきゅうほうのかのうせいについて","ひかくけんこかくにおけるとうけいてきけんきゆうほうのかのうせいについて","","","","「思想」1928（昭和3）年3月","NDC 801","新字新仮名","なし",2000-10-03,2014-09-17,"https://www.aozora.gr.jp/cards/000042/card2345.html","000042","寺田","寅彦","てらだ","とらひこ","てらた","とらひこ","Terada","Torahiko","著者","1878-11-28","1935-12-31","なし","寺田寅彦随筆集　第二巻","岩波文庫、岩波書店","1947（昭和22）年9月10日、1964（昭和39）年1月16日第22刷改版","1997（平成9）年5月6日第70刷","1997（平成9）年5月6日第70刷","","","","","","","","","","","","（株）モモ","かとうかおり","https://www.aozora.gr.jp/cards/000042/files/2345_ruby_4623.zip","2003-11-07","ShiftJIS","JIS X 0208","3","https://www.aozora.gr.jp/cards/000042/files/2345_13811.html","2003-11-07","ShiftJIS","JIS X 0208","0"
"042232","新詩発生時代の思ひ出","しんしはっせいじだいのおもいで","しんしはつせいしたいのおもいて","","","","「中央公論」中央公論社、1935（昭和10）年7月号","NDC 914 911 902","旧字旧仮名","なし",2006-08-04,2015-10-20,"https://www.aozora.gr.jp/cards/001081/card42232.html","001081","土井","晩翠","どい","ばんすい","とい","はんすい","Doi","Bansui","著者","1871-12-05","1952-10-19","なし","明治文學全集　58　土井晩翠　薄田泣菫　蒲原有明集","筑摩書房","1967（昭和42）年4月15日","1967（昭和42）年4月15日","1967（昭和42）年4月15日","中央公論","中央公論社","1935（昭和10）年7月号","","","","","","","","","門田裕志","小林繁雄","https://www.aozora.gr.jp/cards/001081/files/42232_ruby_23379.zip","2015-10-20","ShiftJIS","JIS X 0208","1","https://www.aozora.gr.jp/cards/001081/files/42232_23645.html","2015-10-20","ShiftJIS","JIS X 0208","1"
"003670","娯楽論","ごらくろん","こらくろん","民衆と娯楽・その積極性と社会性・","みんしゅうとごらく・そのせっきょくせいとしゃかいせい・","","","NDC 790","新字新仮名","なし",2001-08-23,2014-09-17,"https://www.aozora.gr.jp/cards/000281/card3670.html","000281","戸坂","潤","とさか","じゅん","とさか","しゆん","Tosaka","Jun","著者","1900-09-27","1945-08-09","なし","戸坂潤全集　第四巻","勁草書房","1966（昭和41）年7月20日","1975（昭和50）年9月20日第7刷","","","","","","","","","","","","","矢野正人","小林繁雄","https://www.aozora.gr.jp/cards/000281/files/3670_txt.zip","2001-08-23","ShiftJIS","JIS X 0208","0","https://www.aozora.gr.jp/cards/000281/files/3670.html","2001-08-23","ShiftJIS","JIS X 0208","0"
"001710","思想と風俗","しそうとふうぞく","しそうとふうそく","","","","","NDC 304","新字新仮名","なし",2001-08-23,2014-09-17,"https://www.aozora.gr.jp/cards/000281/card1710.html","000281","戸坂","潤","とさか","じゅん","とさか","しゆん","Tosaka","Jun","著者","1900-09-27","1945-08-09","なし","戸坂潤全集　第四巻","勁草書房","1966（昭和41）年7月20日","1975（昭和50）年9月20日第7刷","","","","","","","","","","","","","矢野正人","小林繁雄","https://www.aozora.gr.jp/cards/000281/files/1710_txt.zip","2001-08-23","ShiftJIS","JIS X 0208","0","https://www.aozora.gr.jp/cards/000281/files/1710.html","2001-08-23","ShiftJIS","JIS X 0208","0"
"042601","レ・ミゼラブル","レ・ミゼラブル","れみせらふる","05 第二部　コゼット","05 だいにぶ　コゼット","","","NDC 953","新字新仮名","なし",2007-02-28,2014-09-21,"https://www.aozora.gr.jp/cards/001094/card42601.html","000906","豊島","与志雄","とよしま","よしお","とよしま","よしお","Toyoshima","Yoshio","翻訳者","1890-11-27","1955-06-18","なし","レ・ミゼラブル（一）","岩波書店","1987（昭和62）年4月16日","1987（昭和62）年4月16日","2003（平成15）年5月9日第36刷","","","","レ・ミゼラブル（二）","岩波書店","1987（昭和62）年4月16日","1987（昭和62）年4月16日","","","","","tatsuki","小林繁雄、門田裕志","https://www.aozora.gr.jp/cards/001094/files/42601_ruby_25139.zip","2013-04-21","ShiftJIS","JIS X 0208","1","https://www.aozora.gr.jp/cards/001094/files/42601_25759.html","2013-04-21","ShiftJIS","JIS X 0208","1"
"002609","支那に於ける史の起源","しなにおけるしのきげん","しなにおけるしのきけん","","","","中等学校地理歴史教員協議会講演、1915（大正4）年12月6日","NDC 222","旧字旧仮名","なし",2001-08-30,2014-09-17,"https://www.aozora.gr.jp/cards/000284/card2609.html","000284","内藤","湖南","ないとう","こなん","ないとう","こなん","Naito","Konan","著者","1866-08-26","1934-06-26","なし","内藤湖南全集　第七巻","筑摩書房","1970（昭和45）年2月25日","1976（昭和51）年10月10日第2刷","","研幾小録","弘文堂","1928（昭和3）年4月","","","","","","","","","はまなかひとし","菅野朋子","https://www.aozora.gr.jp/cards/000284/files/2609_ruby_4359.zip","2003-05-25","ShiftJIS","JIS X 0208","2","https://www.aozora.gr.jp/cards/000284/files/2609_4360.html","2003-05-25","ShiftJIS","JIS X 0208","2"
"003226","大菩薩峠","だいぼさつとうげ","たいほさつとうけ","02 鈴鹿山の巻","02 すずかやまのまき","","「都新聞」1913（大正2）年12月19日～翌年9月3日","NDC 913","新字新仮名","なし",2001-05-09,2014-09-17,"https://www.aozora.gr.jp/cards/000283/card3226.html","000283","中里","介山","なかざと","かいざん","なかさと","かいさん","Nakazato","Kaizan","著者","1885-04-04","1944-04-28","なし","大菩薩峠1","ちくま文庫、筑摩書房","1995（平成7）年12月4日","1996（平成8）年3月10日第5刷","1995（平成7）年12月4日第1刷","大菩薩峠　一","筑摩書房","1976（昭和51）年6月20日初版発行","","","","","","","","","（株）モモ","原田頌子","https://www.aozora.gr.jp/cards/000283/files/3226_ruby_1818.zip","2005-11-09","ShiftJIS","JIS X 0208","4","https://www.aozora.gr.jp/cards/000283/files/3226_15094.html","2005-11-09","ShiftJIS","JIS X 0208","2"
"004343","大菩薩峠","だいぼさつとうげ","たいほさつとうけ","38 農奴の巻","38 のうどのまき","","","NDC 913","新字新仮名","なし",2004-06-04,2014-09-18,"https://www.aozora.gr.jp/cards/000283/card4343.html","000283","中里","介山","なかざと","かいざん","なかさと","かいさん","Nakazato","Kaizan","著者","1885-04-04","1944-04-28","なし","大菩薩峠18","ちくま文庫、筑摩書房","1996（平成8）年8月22日","1996（平成8）年8月22日第1刷","1996（平成8）年8月22日第1刷","大菩薩峠　十一","筑摩書房","1976（昭和51）年6月20日","","","","","","","","","tatsuki","原田頌子","https://www.aozora.gr.jp/cards/000283/files/4343_ruby_14878.zip","2004-02-22","ShiftJIS","JIS X 0208","0","https://www.aozora.gr.jp/cards/000283/files/4343_14892.html","2004-02-22","ShiftJIS","JIS X 0208","0"
"057353","ゴリオ爺さん","ゴリオじいさん","こりおしいさん","","","Le Père Goriot","","NDC 953","新字新仮名","あり",2015-10-07,2015-10-12,"https://www.aozora.gr.jp/cards/001850/card57353.html","001851","中島","英之","なかじま","ひでゆき","なかしま","ひでゆき","Nakajima","Hideyuki","翻訳者","1942","","あり","","","","","","","","","","","","","","","","","中島英之","","https://www.aozora.gr.jp/cards/001850/files/57353_ruby_57269.zip","2015-10-12","ShiftJIS","JIS X 0208","2","https://www.aozora.gr.jp/cards/001850/files/57353_57270.html","2015-10-10","ShiftJIS","JIS X 0208","1"
"001102","創作家の態度","そうさくかのたいど","そうさくかのたいと","","","","","NDC 914","新字新仮名","なし",2000-08-24,2014-09-17,"https://www.aozora.gr.jp/cards/000148/card1102.html","000148","夏目","漱石","なつめ","そうせき","なつめ","そうせき","Natsume","Soseki","著者","1867-02-09","1916-12-09","なし","夏目漱石全集10","ちくま文庫、筑摩書房","1988（昭和63）年7月26日","1988（昭和63）年7月26日第1刷","","筑摩全集類聚版夏目漱石全集","筑摩書房","1971（昭和46）年4月～1972（昭和47）年1月刊行","","","","","","","","","柴田卓治","大野晋","https://www.aozora.gr.jp/cards/000148/files/1102_ruby_4488.zip","2004-02-28","ShiftJIS","JIS X 0208","2","https://www.aozora.gr.jp/cards/000148/files/1102_14956.html","2004-02-28","ShiftJIS","JIS X 0208","0"
"056923","門","もん","もん","","","","「朝日新聞」1910（明治43）年3月1日～6月12日","NDC 913","旧字旧仮名","なし",2019-01-05,2018-12-24,"https://www.aozora.gr.jp/cards/000148/card56923.html","000148","夏目","漱石","なつめ","そうせき","なつめ","そうせき","Natsume","Soseki","著者","1867-02-09","1916-12-09","なし","漱石全集　第四卷　三四郎　それから　門","岩波書店","1966（昭和41）年3月25日","1975（昭和50）年3月10日第2刷","1975（昭和50）年3月10日第2刷","","","","","","","","","","","","阿部哲也","染川隆俊","https://www.aozora.gr.jp/cards/000148/files/56923_ruby_66668.zip","2018-12-24","ShiftJIS","JIS X 0208","0","https://www.aozora.gr.jp/cards/000148/files/56923_66719.html","2018-12-24","ShiftJIS","JIS X 0208","0"
"000377","国語音韻の変遷","こくごおんいんのへんせん","こくこおんいんのへんせん","","","","","NDC 811","新字新仮名","なし",1999-11-16,2014-09-17,"https://www.aozora.gr.jp/cards/000061/card377.html","000061","橋本","進吉","はしもと","しんきち","はしもと","しんきち","Hashimoto","Shinkichi","著者","1882-12-24","1945-01-30","なし","古代国語の音韻に就いて 他二篇","岩波文庫、岩波書店","1980（昭和55）年6月16日","1985（昭和60）年8月20日第8刷","","橋本進吉博士著作集　第4冊","岩波書店","1950（昭和25）年8月","","","","","","","","","久保あきら、POKEPEEK2011","久保あきら","https://www.aozora.gr.jp/cards/000061/files/377_ruby_2753.zip","2014-05-22","ShiftJIS","JIS X 0208","3","https://www.aozora.gr.jp/cards/000061/files/377_46838.html","2014-05-22","ShiftJIS","JIS X 0208","1"
"048377","太陽の子","たいようのこ","たいようのこ","","","","「太陽の子」1914（大正3）年4月","NDC 911","旧字旧仮名","なし",2008-09-13,2014-09-21,"https://www.aozora.gr.jp/cards/000754/card48377.html","000754","福士","幸次郎","ふくし","こうじろう","ふくし","こうしろう","Fukushi","Kojiro","著者","1889-11-05","1946-10-11","なし","日本現代文學全集　54　千家元麿・山村暮鳥・佐藤惣之助・福士幸次郎・堀口大學集","講談社","1966（昭和41）年8月19日","1980（昭和55）年5月26日増補改訂版第1刷","1966（昭和41）年8月19日","","","","","","","","","","","","川山隆","土屋隆","https://www.aozora.gr.jp/cards/000754/files/48377_ruby_32497.zip","2008-08-26","ShiftJIS","JIS X 0208","0","https://www.aozora.gr.jp/cards/000754/files/48377_32498.html","2008-08-26","ShiftJIS","JIS X 0208","0"
"052689","古川ロッパ昭和日記","ふるかわロッパしょうわにっき","ふるかわろつはしようわにつき","01 昭和九年","01 しょうわくねん","","","NDC 775","新字旧仮名","なし",2012-01-22,2014-09-16,"https://www.aozora.gr.jp/cards/001558/card52689.html","001558","古川","緑波","ふるかわ","ろっぱ","ふるかわ","ろつは","Furukawa","Roppa","著者","1903-08-13","1961-01-16","なし","古川ロッパ昭和日記〈戦前篇〉　新装版","晶文社","2007（平成19）年2月10日","2007（平成19）年2月10日初版","2007（平成19）年2月10日初版","","","","","","","","","","","","門田裕志","仙酔ゑびす","https://www.aozora.gr.jp/cards/001558/files/52689_ruby_46548.zip","2012-01-01","ShiftJIS","JIS X 0208","0","https://www.aozora.gr.jp/cards/001558/files/52689_46623.html","2012-01-01","ShiftJIS","JIS X 0208","0"
"001872","法窓夜話","ほうそうやわ","ほうそうやわ","02 法窓夜話","02 ほうそうやわ","","","NDC 320","新字新仮名","なし",2001-08-20,2014-09-17,"https://www.aozora.gr.jp/cards/000301/card1872.html","000301","穂積","陳重","ほづみ","のぶしげ","ほつみ","のふしけ","Hozumi","Nobushige","著者","1855-08-23","1926-04-07","なし","法窓夜話","岩波文庫、岩波書店","1980（昭和55）年1月16日","1999（平成11）年9月16日第14刷","1999（平成11）年9月16日第14刷","法窓夜話","有斐閣","1926（大正15）年1月25日発行第8刷","","","","","","","","","高橋真也","伊藤時也","https://www.aozora.gr.jp/cards/000301/files/1872_ruby_3491.zip","2014-07-25","ShiftJIS","JIS X 0208","4","https://www.aozora.gr.jp/cards/000301/files/1872_53638.html","2014-07-25","ShiftJIS","JIS X 0208","4"
"004812","美しい村","うつくしいむら","うつくしいむら","","","","序曲「大阪朝日新聞」（「山からの手紙」の表題で。）1933（昭和8）年6月25日、美しい村「改造」1933（昭和8）年10月号、夏「文藝春秋」1933（昭和8）年10月号、暗い道「週刊朝日　第25巻第13号」1934（昭和9）年3月18日号","NDC 913","新字新仮名","なし",2004-02-17,2014-09-18,"https://www.aozora.gr.jp/cards/001030/card4812.html","001030","堀","辰雄","ほり","たつお","ほり","たつお","Hori","Tatsuo","著者","1904-12-28","1953-05-28","なし","風立ちぬ・美しい村","新潮文庫、新潮社","1951（昭和26）年1月25日、1987（昭和62）年5月20日89刷改版","1987（昭和62）年9月10日90刷","","","","","","","","","","","","","kompass","染川隆俊","https://www.aozora.gr.jp/cards/001030/files/4812_ruby_14825.zip","2014-08-05","ShiftJIS","JIS X 0208","4","https://www.aozora.gr.jp/cards/001030/files/4812_14384.html","2014-08-05","ShiftJIS","JIS X 0208","4"
"004806","大和路・信濃路","やまとじ・しなのじ","やまとししなのし","","","","","NDC 915","新字新仮名","なし",2004-03-23,2014-09-18,"https://www.aozora.gr.jp/cards/001030/card4806.html","001030","堀","辰雄","ほり","たつお","ほり","たつお","Hori","Tatsuo","著者","1904-12-28","1953-05-28","なし","昭和文学全集　第6巻","小学館","1988（昭和63）年6月1日","1988（昭和63）年6月1日初版第1刷","1988（昭和63）年6月1日初版第1刷","","","","","","","","","","","","kompass","松永正敏","https://www.aozora.gr.jp/cards/001030/files/4806_ruby_14471.zip","2010-11-02","ShiftJIS","JIS X 0208","3","https://www.aozora.gr.jp/cards/001030/files/4806_14952.html","2010-11-02","ShiftJIS","JIS X 0208","4"
"046820","植物一日一題","しょくぶついちにちいちだい","しよくふついちにちいちたい","","","","","NDC 470","新字新仮名","なし",2008-01-08,2014-09-21,"https://www.aozora.gr.jp/cards/001266/card46820.html","001266","牧野","富太郎","まきの","とみたろう","まきの","とみたろう","Makino","Tomitaro","著者","1862-05-22","1957-01-18","なし","植物一日一題","博品社","1998（平成10）年4月25日","1998（平成10）年4月25日第1刷","","随筆　植物一日一題","東洋書館","1953（昭和28）年3月","","","","","","","","","川山隆","松永正敏","https://www.aozora.gr.jp/cards/001266/files/46820_ruby_29304.zip","2012-05-10","ShiftJIS","JIS X 0208","1","https://www.aozora.gr.jp/cards/001266/files/46820_29303.html","2012-05-10","ShiftJIS","JIS X 0208","1"
"042171","すゞし","すずし","すすし","","","","","NDC 914 911","新字旧仮名","なし",2004-07-29,2014-09-18,"https://www.aozora.gr.jp/cards/000305/card42171.html","000305","正岡","子規","まさおか","しき","まさおか","しき","Masaoka","Shiki","著者","1867-10-14","1902-09-19","なし","日本の名随筆37　風","作品社","1985（昭和60）年11月25日","1997（平成9）年2月20日第13刷","1985（昭和60）年11月25日第1刷","子規全集　第一二巻","講談社","1975（昭和50）年10月","","","","","","","","","門田裕志","土屋隆","https://www.aozora.gr.jp/cards/000305/files/42171_ruby_15890.zip","2004-06-29","ShiftJIS","JIS X 0208","0","https://www.aozora.gr.jp/cards/000305/files/42171_15959.html","2004-06-29","ShiftJIS","JIS X 0208","0"
"046589","日蔭の街","ひかげのまち","ひかけのまち","","","","「探偵文藝　第二巻第一、二、四号」奎運社、1926（大正15）年1、2、4月","NDC 913","新字新仮名","なし",2007-02-01,2014-09-21,"https://www.aozora.gr.jp/cards/000308/card46589.html","000308","松本","泰","まつもと","たい","まつもと","たい","Matsumoto","Tai","著者","1887-02-22","1939-04-19","なし","幻の探偵雑誌5　「探偵文藝」傑作選","光文社文庫、光文社","2001（平成13）年2月20日","2001（平成13）年2月20日初版1刷","2001（平成13）年2月20日初版1刷","","","","","","","","","","","","川山隆","土屋隆","https://www.aozora.gr.jp/cards/000308/files/46589_ruby_24941.zip","2006-12-31","ShiftJIS","JIS X 0208","0","https://www.aozora.gr.jp/cards/000308/files/46589_25539.html","2006-12-31","ShiftJIS","JIS X 0208","0"
"045631","農民芸術の興隆","のうみんげいじゅつのこうりゅう","のうみんけいしゆつのこうりゆう","","","","","NDC 911","新字旧仮名","なし",2006-09-19,2014-09-18,"https://www.aozora.gr.jp/cards/000081/card45631.html","000081","宮沢","賢治","みやざわ","けんじ","みやさわ","けんし","Miyazawa","Kenji","著者","1896-08-27","1933-09-21","なし","【新】校本宮澤賢治全集　第十三巻（上）覚書・手帳　本文篇","筑摩書房","1997（平成9）年7月30日","1997（平成9）年7月30日初版第1刷","1997（平成9）年7月30日初版第1刷","","","","","","","","","","","","田中敬三","土屋隆","https://www.aozora.gr.jp/cards/000081/files/45631_txt_23615.zip","2006-07-26","ShiftJIS","JIS X 0208","0","https://www.aozora.gr.jp/cards/000081/files/45631_23910.html","2006-07-26","ShiftJIS","JIS X 0208","0"
"001935","ポラーノの広場","ポラーノのひろば","ほらあののひろは","","","","","NDC K913","新字新仮名","なし",2002-01-04,2014-09-17,"https://www.aozora.gr.jp/cards/000081/card1935.html","000081","宮沢","賢治","みやざわ","けんじ","みやさわ","けんし","Miyazawa","Kenji","著者","1896-08-27","1933-09-21","なし","銀河鉄道の夜・風の又三郎・ポラーノの広場　ほか３編","講談社文庫、講談社","1971（昭和46）年7月1日","1979（昭和54）年8月15日第16刷","1979（昭和54）年8月15日第16刷","","","","","","","","","","","","白川由紀子","須藤","https://www.aozora.gr.jp/cards/000081/files/1935_ruby_19924.zip","2005-10-18","ShiftJIS","JIS X 0208","1","https://www.aozora.gr.jp/cards/000081/files/1935_19925.html","2005-10-18","ShiftJIS","JIS X 0208","0"
"004212","工場労働者の生活について","こうじょうろうどうしゃのせいかつについて","こうしようろうとうしやのせいかつについて","","","","「多喜二と百合子　第四号」多喜二・百合子研究会、1954（昭和29）年6月","NDC 366","新字新仮名","なし",2004-05-09,2014-09-18,"https://www.aozora.gr.jp/cards/000311/card4212.html","000311","宮本","百合子","みやもと","ゆりこ","みやもと","ゆりこ","Miyamoto","Yuriko","著者","1899-02-13","1951-01-21","なし","宮本百合子全集　第十八巻","新日本出版社","1981（昭和56）年5月30日","1986（昭和61）年3月20日第2版第1刷","","","","","","","","","","","","","柴田卓治","磐余彦","https://www.aozora.gr.jp/cards/000311/files/4212_txt_14690.zip","2004-02-16","ShiftJIS","JIS X 0208","0","https://www.aozora.gr.jp/cards/000311/files/4212_14791.html","2004-02-16","ShiftJIS","JIS X 0208","0"
"002023","猿","さる","さる","","","","「サンデー毎日」1922（大正11）年7月10日号","NDC 912","新字新仮名","なし",2002-01-07,2014-09-17,"https://www.aozora.gr.jp/cards/000311/card2023.html","000311","宮本","百合子","みやもと","ゆりこ","みやもと","ゆりこ","Miyamoto","Yuriko","著者","1899-02-13","1951-01-21","なし","宮本百合子全集　第二巻","新日本出版社","1979（昭和54）年6月20日","1986（昭和61）年3月20日第5刷","","宮本百合子全集　第二巻","河出書房","1953（昭和28）年1月","","","","","","","","","柴田卓治","松永正敏","https://www.aozora.gr.jp/cards/000311/files/2023_ruby.zip","2002-01-07","ShiftJIS","JIS X 0208","0","https://www.aozora.gr.jp/cards/000311/files/2023.html","2002-01-07","ShiftJIS","JIS X 0208","0"
"002726","スモーリヌイに翻る赤旗","スモーリヌイにひるがえるあかはた","すもおりぬいにひるかえるあかはた","","","","「大阪毎日新聞」1931（昭和6）年1月5日～21日号（15日号、19日号を除く）","NDC 915","新字新仮名","なし",2002-11-12,2014-09-17,"https://www.aozora.gr.jp/cards/000311/card2726.html","000311","宮本","百合子","みやもと","ゆりこ","みやもと","ゆりこ","Miyamoto","Yuriko","著者","1899-02-13","1951-01-21","なし","宮本百合子全集　第九巻","新日本出版社","1980（昭和55）年9月20日","1986（昭和61）年3月20日第4刷","","宮本百合子全集　第六巻","河出書房","1952（昭和27）年12月","","","","","","","","","柴田卓治","米田進","https://www.aozora.gr.jp/cards/000311/files/2726_ruby_7408.zip","2002-10-29","ShiftJIS","JIS X 0208","0","https://www.aozora.gr.jp/cards/000311/files/2726_7409.html","2002-10-29","ShiftJIS","JIS X 0208","0"
"004191","一九二三年冬","せんきゅうひゃくにじゅうさんねんふゆ","せんきゆうひやくにしゆうさんねんふゆ","","","","「宮本百合子全集　第十八巻」新日本出版社、1981（昭和56）年5月30日","NDC 916","新字新仮名","なし",2004-05-04,2014-09-18,"https://www.aozora.gr.jp/cards/000311/card4191.html","000311","宮本","百合子","みやもと","ゆりこ","みやもと","ゆりこ","Miyamoto","Yuriko","著者","1899-02-13","1951-01-21","なし","宮本百合子全集　第十八巻","新日本出版社","1981（昭和56）年5月30日","1986（昭和61）年3月20日第2版第1刷","","","","","","","","","","","","","柴田卓治","磐余彦","https://www.aozora.gr.jp/cards/000311/files/4191_ruby_14676.zip","2004-02-16","ShiftJIS","JIS X 0208","0","https://www.aozora.gr.jp/cards/000311/files/4191_14777.html","2004-02-16","ShiftJIS","JIS X 0208","0"
"002733","ソヴェトの芝居","ソヴェトのしばい","そうえとのしはい","","","","「改造」1931（昭和6）年3、4月号","NDC 915","新字新仮名","なし",2002-11-17,2014-09-17,"https://www.aozora.gr.jp/cards/000311/card2733.html","000311","宮本","百合子","みやもと","ゆりこ","みやもと","ゆりこ","Miyamoto","Yuriko","著者","1899-02-13","1951-01-21","なし","宮本百合子全集　第九巻","新日本出版社","1980（昭和55）年9月20日","1986（昭和61）年3月20日第4刷","","宮本百合子全集　第六巻","河出書房","1952（昭和27）年12月","","","","","","","","","柴田卓治","米田進","https://www.aozora.gr.jp/cards/000311/files/2733_ruby_7412.zip","2002-10-29","ShiftJIS","JIS X 0208","0","https://www.aozora.gr.jp/cards/000311/files/2733_7413.html","2002-10-29","ShiftJIS","JIS X 0208","0"
"004213","「乳房」創作メモ","「ちぶさ」そうさくメモ","ちふさそうさくめも","","","","「宮本百合子全集　第十八巻」新日本出版社、1981（昭和56）年5月30日","NDC 914","新字新仮名","なし",2004-05-13,2014-09-18,"https://www.aozora.gr.jp/cards/000311/card4213.html","000311","宮本","百合子","みやもと","ゆりこ","みやもと","ゆりこ","Miyamoto","Yuriko","著者","1899-02-13","1951-01-21","なし","宮本百合子全集　第十八巻","新日本出版社","1981（昭和56）年5月30日","1986（昭和61）年3月20日第2版第1刷","","","","","","","","","","","","","柴田卓治","磐余彦","https://www.aozora.gr.jp/cards/000311/files/4213_ruby_14691.zip","2004-02-16","ShiftJIS","JIS X 0208","0","https://www.aozora.gr.jp/cards/000311/files/4213_14792.html","2004-02-16","ShiftJIS","JIS X 0208","0"
"046235","日記","にっき","につき","02 一九一四年（大正三年）","02 せんきゅうひゃくじゅうよねん（たいしょうさんねん）","","","NDC 915","新字新仮名","なし",2010-04-17,2014-09-21,"https://www.aozora.gr.jp/cards/000311/card46235.html","000311","宮本","百合子","みやもと","ゆりこ","みやもと","ゆりこ","Miyamoto","Yuriko","著者","1899-02-13","1951-01-21","なし","宮本百合子全集　第二十三巻","新日本出版社","1979（昭和54）年5月20日","1986（昭和61）年3月20日第5刷","1982（昭和57）年4月15日第4刷","","","","","","","","","","","","柴田卓治","土屋隆","https://www.aozora.gr.jp/cards/000311/files/46235_ruby_37805.zip","2012-11-25","ShiftJIS","JIS X 0208","3","https://www.aozora.gr.jp/cards/000311/files/46235_38567.html","2012-11-25","ShiftJIS","JIS X 0208","3"
"004199","「伸子」創作メモ（二）","「のぶこ」そうさくメモ（に）","のふこそうさくめもに","","","","「宮本百合子全集　第十八巻」新日本出版社、1981（昭和56）年5月30日","NDC 914","新字新仮名","なし",2004-05-04,2014-09-18,"https://www.aozora.gr.jp/cards/000311/card4199.html","000311","宮本","百合子","みやもと","ゆりこ","みやもと","ゆりこ","Miyamoto","Yuriko","著者","1899-02-13","1951-01-21","なし","宮本百合子全集　第十八巻","新日本出版社","1981（昭和56）年5月30日","1986（昭和61）年3月20日第2版第1刷","","","","","","","","","","","","","柴田卓治","磐余彦","https://www.aozora.gr.jp/cards/000311/files/4199_ruby_14680.zip","2004-02-16","ShiftJIS","JIS X 0208","0","https://www.aozora.gr.jp/cards/000311/files/4199_14781.html","2004-02-16","ShiftJIS","JIS X 0208","0"
"002025","貧しき人々の群","まずしきひとびとのむれ","ますしきひとひとのむれ","","","","「中央公論」1916（大正5）年9月号","NDC 913","新字新仮名","なし",2002-01-01,2014-09-17,"https://www.aozora.gr.jp/cards/000311/card2025.html","000311","宮本","百合子","みやもと","ゆりこ","みやもと","ゆりこ","Miyamoto","Yuriko","著者","1899-02-13","1951-01-21","なし","宮本百合子全集　第一巻","新日本出版社","1979（昭和54）年4月20日","1986（昭和61）年3月20日第5刷","1979（昭和54）年4月20日初版","宮本百合子全集　第一巻","河出書房","1951（昭和26）年6月","","","","","","","","","柴田卓治","松永正敏","https://www.aozora.gr.jp/cards/000311/files/2025_ruby_5833.zip","2003-06-29","ShiftJIS","JIS X 0208","3","https://www.aozora.gr.jp/cards/000311/files/2025_5834.html","2003-06-29","ShiftJIS","JIS X 0208","1"
"003434","モラトリアム質疑","モラトリアムしつぎ","もらとりあむしつき","","","","「アカハタ」1946（昭和21）年2月23日号","NDC 332 338","新字新仮名","なし",2003-10-18,2014-09-18,"https://www.aozora.gr.jp/cards/000311/card3434.html","000311","宮本","百合子","みやもと","ゆりこ","みやもと","ゆりこ","Miyamoto","Yuriko","著者","1899-02-13","1951-01-21","なし","宮本百合子全集　第十六巻","新日本出版社","1980（昭和55）年6月20日","1986（昭和61）年3月20日第4刷","","宮本百合子全集　第十二巻","河出書房","1952（昭和27）年1月","","","","","","","","","柴田卓治","磐余彦","https://www.aozora.gr.jp/cards/000311/files/3434_txt_12307.zip","2003-09-14","ShiftJIS","JIS X 0208","0","https://www.aozora.gr.jp/cards/000311/files/3434_12340.html","2003-09-14","ShiftJIS","JIS X 0208","0"
"002018","宵（一幕）","よい（ひとまく）","よいひとまく","","","","「女性日本人」1921（大正10）年9月号","NDC 912","新字新仮名","なし",2002-01-08,2014-09-17,"https://www.aozora.gr.jp/cards/000311/card2018.html","000311","宮本","百合子","みやもと","ゆりこ","みやもと","ゆりこ","Miyamoto","Yuriko","著者","1899-02-13","1951-01-21","なし","宮本百合子全集　第二巻","新日本出版社","1979（昭和54）年6月20日","1986（昭和61）年3月20日第5刷","","宮本百合子全集　第二巻","河出書房","1953（昭和28）年1月","","","","","","","","","柴田卓治","松永正敏","https://www.aozora.gr.jp/cards/000311/files/2018_ruby_5907.zip","2003-06-29","ShiftJIS","JIS X 0208","2","https://www.aozora.gr.jp/cards/000311/files/2018_5908.html","2003-06-29","ShiftJIS","JIS X 0208","2"
"003169","「ラジオ黄金時代」の底潮","「ラジオおうごんじだい」のていちょう","らしおおうこんしたいのていちよう","","","","「唯物論研究」1937（昭和12）年8月号","NDC 699","新字新仮名","なし",2003-08-02,2014-09-17,"https://www.aozora.gr.jp/cards/000311/card3169.html","000311","宮本","百合子","みやもと","ゆりこ","みやもと","ゆりこ","Miyamoto","Yuriko","著者","1899-02-13","1951-01-21","なし","宮本百合子全集　第十四巻","新日本出版社","1979（昭和54）年7月20日","1986（昭和61）年3月20日第5刷","","宮本百合子全集　第九巻","河出書房","1952（昭和27）年8月","","","","","","","","","柴田卓治","米田進","https://www.aozora.gr.jp/cards/000311/files/3169_ruby_10822.zip","2003-06-04","ShiftJIS","JIS X 0208","0","https://www.aozora.gr.jp/cards/000311/files/3169_10821.html","2003-06-03","ShiftJIS","JIS X 0208","0"
"002643","ロンドン一九二九年","ロンドンせんきゅうひゃくにじゅうくねん","ろんとんせんきゆうひやくにしゆうくねん","","","","「改造」1930（昭和5）年6月号","NDC 915","新字新仮名","なし",2002-11-08,2014-09-17,"https://www.aozora.gr.jp/cards/000311/card2643.html","000311","宮本","百合子","みやもと","ゆりこ","みやもと","ゆりこ","Miyamoto","Yuriko","著者","1899-02-13","1951-01-21","なし","宮本百合子全集　第九巻","新日本出版社","1980（昭和55）年9月20日","1986（昭和61）年3月20日第4刷","","宮本百合子全集　第六巻","河出書房","1952（昭和27）年12月","","","","","","","","","柴田卓治","米田進","https://www.aozora.gr.jp/cards/000311/files/2643_ruby_7376.zip","2003-01-13","ShiftJIS","JIS X 0208","0","https://www.aozora.gr.jp/cards/000311/files/2643_7377.html","2002-10-29","ShiftJIS","JIS X 0208","0"
"059821","〈我が愛する詩人の伝記〉（補遺）","〈わがあいするしじんのでんき〉（ほい）","わかあいするししんのてんきほい","","","","「婦人公論　第四十三巻第五号」1958（昭和33）年5月号","","新字新仮名","なし",2022-12-03,2022-11-26,"https://www.aozora.gr.jp/cards/001579/card59821.html","001579","室生","犀星","むろう","さいせい","むろう","さいせい","Murou","Saisei","著者","1889-08-01","1962-03-26","なし","室生犀星全集　別卷二","新潮社","1968（昭和43）年1月30日","1968（昭和43）年1月30日","1976（昭和51）年8月30日セット版","婦人公論　第四十三巻第五号","　","1958（昭和33）年5月号","","","","","","","","","きりんの手紙","hitsuji","https://www.aozora.gr.jp/cards/001579/files/59821_ruby_76717.zip","2022-11-26","ShiftJIS","JIS X 0208","0","https://www.aozora.gr.jp/cards/001579/files/59821_76753.html","2022-11-26","ShiftJIS","JIS X 0208","0"
"058947","屍体異変","したいいへん","したいいへん","","","","","NDC 490","新字新仮名","なし",2018-09-13,2018-08-28,"https://www.aozora.gr.jp/cards/001977/card58947.html","001977","森","於菟","もり","おと","もり","おと","Mori","Otto","著者","1890-09-13","1967-12-21","なし","世界教養全集　別巻1　日本随筆・随想集","平凡社","1962（昭和37）年11月20日","1964（昭和39）年5月4日4版","1962（昭和37）年11月20日初版","","","","","","","","","","","","sogo","きゅうり","https://www.aozora.gr.jp/cards/001977/files/58947_txt_65776.zip","2018-08-28","ShiftJIS","JIS X 0208","0","https://www.aozora.gr.jp/cards/001977/files/58947_65747.html","2018-08-28","ShiftJIS","JIS X 0208","0"
"001115","山羊髯編輯長","やぎひげへんしゅうちょう","やきひけへんしゆうちよう","","","","","NDC 913","新字新仮名","なし",2000-09-09,2014-09-17,"https://www.aozora.gr.jp/cards/000096/card1115.html","000096","夢野","久作","ゆめの","きゅうさく","ゆめの","きゆうさく","Yumeno","Kyusaku","著者","1889-01-04","1936-03-11","なし","夢野久作全集4","ちくま文庫、筑摩書房","1992（平成4）年9月24日","","1992（平成4）年9月24日第1刷","","","","","","","","","","","","柴田卓治","かとうかおり","https://www.aozora.gr.jp/cards/000096/files/1115_ruby.zip","2000-09-09","ShiftJIS","JIS X 0208","0","https://www.aozora.gr.jp/cards/000096/files/1115.html","2000-09-09","ShiftJIS","JIS X 0208","0"
"002557","晶子詩篇全集","あきこしへんぜんしゅう","あきこしへんせんしゆう","","","","","NDC 911","新字旧仮名","なし",2004-07-25,2014-09-18,"https://www.aozora.gr.jp/cards/000885/card2557.html","000885","与謝野","晶子","よさの","あきこ","よさの","あきこ","Yosano","Akiko","著者","1878-12-07","1942-05-29","なし","晶子詩篇全集","実業之日本社","1929（昭和4）年1月20日","1929（昭和4）年1月20日","1929（昭和4）年1月20日","","","","","","","","","","","","武田秀男","kazuishi","https://www.aozora.gr.jp/cards/000885/files/2557_ruby_13911.zip","2012-03-23","ShiftJIS","JIS X 0208","3","https://www.aozora.gr.jp/cards/000885/files/2557_15784.html","2012-03-23","ShiftJIS","JIS X 0208","3"
"002168","巴里より","パリイより","はりいより","","","","","NDC 915","新字旧仮名","なし",2011-06-01,2014-09-16,"https://www.aozora.gr.jp/cards/000320/card2168.html","000885","与謝野","晶子","よさの","あきこ","よさの","あきこ","Yosano","Akiko","著者","1878-12-07","1942-05-29","なし","巴里より","金尾文淵堂","1914（大正3）年5月3日","1914（大正3）年5月3日","1914（大正3）年5月3日","","","","","","","","","","","","武田秀男","松永正敏","https://www.aozora.gr.jp/cards/000320/files/2168_ruby_16254.zip","2011-05-15","ShiftJIS","JIS X 0208","0","https://www.aozora.gr.jp/cards/000320/files/2168_42800.html","2011-05-15","ShiftJIS","JIS X 0208","0"
"002169","礼厳法師歌集","れいごんほうしかしゅう","れいこんほうしかしゆう","","","","","NDC 911","新字旧仮名","なし",2004-07-24,2014-09-18,"https://www.aozora.gr.jp/cards/000321/card2169.html","000320","与謝野","寛","よさの","ひろし","よさの","ひろし","Yosano","Hiroshi","編者","1873-02-26","1935-03-26","なし","明治文学全集64　明治歌人集","筑摩書房","1968（昭和43）年9月25日","1968（昭和43）年9月25日第1刷","1968（昭和43）年9月25日第1刷","禮嚴法師歌集","新詩社","1910（明治43）年8月","","","","","","","","","武田秀男","Juki","https://www.aozora.gr.jp/cards/000321/files/2169_ruby_15940.zip","2004-06-24","ShiftJIS","JIS X 0208","0","https://www.aozora.gr.jp/cards/000321/files/2169_15941.html","2004-06-24","ShiftJIS","JIS X 0208","0"
"052434","随筆　宮本武蔵","ずいひつ　みやもとむさし","すいひつみやもとむさし","","","","","NDC 914","新字新仮名","なし",2013-03-06,2014-09-16,"https://www.aozora.gr.jp/cards/001562/card52434.html","001562","吉川","英治","よしかわ","えいじ","よしかわ","えいし","Yoshikawa","Eiji","著者","1892-08-11","1962-09-07","なし","随筆　宮本武蔵／随筆　私本太平記","吉川英治歴史時代文庫　補5、講談社","1990（平成2）年10月11日","2003（平成15）年3月5日第9刷","2003（平成15）年3月5日第9刷","","","","","","","","","","","","門田裕志","仙酔ゑびす","https://www.aozora.gr.jp/cards/001562/files/52434_ruby_49776.zip","2013-01-03","ShiftJIS","JIS X 0208","0","https://www.aozora.gr.jp/cards/001562/files/52434_49777.html","2013-01-03","ShiftJIS","JIS X 0208","0"
"043670","経済学及び課税の諸原理","けいざいがくおよびかぜいのしょげんり","けいさいかくおよひかせいのしよけんり","","","PRINCIPLES OF POLITICAL ECONOMY AND TAXATION","","NDC 331","新字新仮名","なし",2005-07-21,2014-09-18,"https://www.aozora.gr.jp/cards/001164/card43670.html","001150","吉田","秀夫","よしだ","ひでお","よした","ひてお","Yoshida","Hideo","翻訳者","1906","1953","なし","經濟學及び課税の諸原理","春秋社","1948（昭和23）年5月20日","1948（昭和23）年5月20日第1刷","1948（昭和23）年5月20日第1刷","","","","","","","","","","","","京都大学電子テクスト研究会入力班","京都大学電子テクスト研究会校正班","https://www.aozora.gr.jp/cards/001164/files/43670_ruby_18588.zip","2014-04-05","ShiftJIS","JIS X 0208","1","https://www.aozora.gr.jp/cards/001164/files/43670_18988.html","2014-04-05","ShiftJIS","JIS X 0208","1"
"002190","白金神経の少女","プラチナしんけいのしょうじょ","ふらちなしんけいのしようしよ","","","","「奇譚」1939（昭和14）年8月","NDC 913","新字新仮名","なし",2007-01-19,2014-09-21,"https://www.aozora.gr.jp/cards/000325/card2190.html","000325","蘭","郁二郎","らん","いくじろう","らん","いくしろう","Ran","Ikujiro","著者","1913-09-02","1944-01-05","なし","火星の魔術師","国書刊行会","1993（平成5）年7月20日","1993（平成5）年7月20日初版第1刷","1993（平成5）年7月20日初版第1刷","百万の目撃者","越後屋書房","1942（昭和17）年","","","","","","","","","門田裕志","川山隆","https://www.aozora.gr.jp/cards/000325/files/2190_ruby_24730.zip","2006-12-30","ShiftJIS","JIS X 0208","0","https://www.aozora.gr.jp/cards/000325/files/2190_25517.html","2006-12-30","ShiftJIS","JIS X 0208","0"
"004649","みなかみ紀行","みなかみきこう","みなかみきこう","","","","","NDC 915","旧字旧仮名","なし",2004-06-03,2014-10-31,"https://www.aozora.gr.jp/cards/000162/card4649.html","000162","若山","牧水","わかやま","ぼくすい","わかやま","ほくすい","Wakayama","Bokusui","著者","1885-08-24","1928-09-17","なし","現代日本紀行文学全集　東日本編","ほるぷ出版","1976（昭和51）年8月1日","1976（昭和51）年8月1日初版","","","","","","","","","","","","","林幸雄","松永正敏","https://www.aozora.gr.jp/cards/000162/files/4649_ruby_15323.zip","2004-08-30","ShiftJIS","JIS X 0208","1","https://www.aozora.gr.jp/cards/000162/files/4649_15562.html","2004-08-30","ShiftJIS","JIS X 0208","1"
