"060357","新浦島","しんうらしま","しんうらしま","","","RIP VAN WINKLE. EINE NACHGELASSENE SCHRIFT VON DIETRICH KNICKERBOCKER.","「少年園　第二巻　第十三号」1889（明治22）年5月3日<br>「少年園　第二巻　第十四号」1889（明治22）年5月18日<br>「少年園　第二巻　第十五号」1889（明治22）年6月3日<br>「少年園　第二巻　第十六号」1889（明治22）年6月18日<br>「少年園　第二巻　第十七号」1889（明治22）年7月3日<br>「少年園　第二巻　第十八号」1889（明治22）年7月18日<br>「少年園　第二巻　第二十号」1889（明治22）年8月18日","NDC K933","新字旧仮名","なし",2022-07-09,2022-06-26,"https://www.aozora.gr.jp/cards/001257/card60357.html","001257","アーヴィング","ワシントン","アーヴィング","ワシントン","ああういんく","わしんとん","Irving","Washington","著者","1783-04-03","1859-11-28","なし","鴎外選集　第16巻","岩波書店","1980（昭和55）年2月22日","1980（昭和55）年6月30日第2刷","1980（昭和55）年2月22日第1刷","","","","","","","","","","","","砂場清隆","岡村和彦","https://www.aozora.gr.jp/cards/001257/files/60357_ruby_75861.zip","2022-06-26","ShiftJIS","JIS X 0208","0","https://www.aozora.gr.jp/cards/001257/files/60357_75896.html","2022-06-26","ShiftJIS","JIS X 0208","0"
"049328","大久保湖州","おおくぼこしゅう","おおくほこしゆう","","","","（上）「女性改造　第三巻第五号」1924（大正13）年5月1日、（下）「女性改造　第三巻第六号」1924（大正13）年6月1日","NDC 289 914","新字旧仮名","なし",2008-12-21,2014-09-21,"https://www.aozora.gr.jp/cards/000879/card49328.html","000879","芥川","竜之介","あくたがわ","りゅうのすけ","あくたかわ","りゆうのすけ","Akutagawa","Ryunosuke","著者","1892-03-01","1927-07-24","なし","芥川龍之介全集　第十一巻","岩波書店","1996（平成8）年9月9日","1996（平成8）年9月9日","","梅・馬・鶯","新潮社","1926（大正15）年12月25日","","","","","","","","","もりみつじゅんじ","土屋隆","https://www.aozora.gr.jp/cards/000879/files/49328_ruby_33094.zip","2008-12-03","ShiftJIS","JIS X 0208","0","https://www.aozora.gr.jp/cards/000879/files/49328_33646.html","2008-12-03","ShiftJIS","JIS X 0208","0"
"045467","漂泊","ひょうはく","ひようはく","","","","（一）「紅苜蓿」1907（明治40）年7月号","NDC 913","新字旧仮名","なし",2008-08-20,2014-09-21,"https://www.aozora.gr.jp/cards/000153/card45467.html","000153","石川","啄木","いしかわ","たくぼく","いしかわ","たくほく","Ishikawa","Takuboku","著者","1886-02-20","1912-04-13","なし","石川啄木全集　第三巻　小説","筑摩書房","1978（昭和53）年10月25日","1993（平成5）年5月20日初版第7刷","1986（昭和61）年12月15日初版第6刷","","","","","","","","","","","","Nana ohbe","林幸雄","https://www.aozora.gr.jp/cards/000153/files/45467_ruby_32211.zip","2009-03-27","ShiftJIS","JIS X 0208","1","https://www.aozora.gr.jp/cards/000153/files/45467_32212.html","2009-03-27","ShiftJIS","JIS X 0208","1"
"033204","遺稿","いこう","いこう","","","","","NDC 913","旧字旧仮名","なし",2003-09-13,2014-09-18,"https://www.aozora.gr.jp/cards/000050/card33204.html","000050","泉","鏡花","いずみ","きょうか","いすみ","きようか","Izumi","Kyoka","著者","1873-11-04","1939-09-07","なし","鏡花全集　第二十四巻","岩波書店","1940（昭和15）年6月30日","1988（昭和63）年8月2日第3刷","1988（昭和63）年8月2日第3刷","","","","","","","","","","","","門田裕志","多羅尾伴内","https://www.aozora.gr.jp/cards/000050/files/33204_ruby_12203.zip","2003-09-03","ShiftJIS","JIS X 0208","0","https://www.aozora.gr.jp/cards/000050/files/33204_12204.html","2003-09-03","ShiftJIS","JIS X 0208","0"
"060609","雨月物語","うげつものがたり","うけつものかたり","02 現代語訳　雨月物語","02 げんだいごやく　うげつものがたり","","「雨月物語」角川文庫、角川書店、1959（昭和34）年11月30日","","新字新仮名","なし",2023-08-08,2023-10-09,"https://www.aozora.gr.jp/cards/001271/card60609.html","001271","上田","秋成","うえだ","あきなり","うえた","あきなり","Ueda","Akinari","著者","1734-07-25","1809-08-08","なし","改訂　雨月物語　現代語訳付き","角川文庫、KADOKAWA","2006（平成18）年7月25日","2020（令和2）年5月15日26版","2021（令和3）年3月5日30版","雨月物語","野梅堂","1776（安永5）年4月","","","","","","","","","砂場清隆","みきた","https://www.aozora.gr.jp/cards/001271/files/60609_ruby_77360.zip","2023-10-09","ShiftJIS","JIS X 0208","1","https://www.aozora.gr.jp/cards/001271/files/60609_77359.html","2023-10-09","ShiftJIS","JIS X 0208","1"
"060608","雨月物語","うげつものがたり","うけつものかたり","03 校注　雨月物語","03 こうちゅう　うげつものがたり","","「雨月物語」角川文庫、角川書店、1959（昭和34）年11月30日","","新字旧仮名","なし",2024-06-12,2024-06-08,"https://www.aozora.gr.jp/cards/001271/card60608.html","001271","上田","秋成","うえだ","あきなり","うえた","あきなり","Ueda","Akinari","著者","1734-07-25","1809-08-08","なし","改訂　雨月物語　現代語訳付き","角川文庫、KADOKAWA","2006（平成18）年7月25日","2020（令和2）年5月15日26版","2021（令和3）年3月5日30版","雨月物語","野梅堂","1776（安永5）年4月","","","","","","","","","砂場清隆","みきた","https://www.aozora.gr.jp/cards/001271/files/60608_ruby_77892.zip","2024-05-29","ShiftJIS","JIS X 0208","0","https://www.aozora.gr.jp/cards/001271/files/60608_77891.html","2024-05-29","ShiftJIS","JIS X 0208","0"
"047122","八犬伝談余","はっけんでんだんよ","はつけんてんたんよ","","","","「南総里見八犬伝　下」日本名著全集刊行会、1928（昭和3）年","NDC 910","新字新仮名","なし",2009-09-24,2014-09-21,"https://www.aozora.gr.jp/cards/000165/card47122.html","000165","内田","魯庵","うちだ","ろあん","うちた","ろあん","Uchida","Roan","著者","1868-04-27","1929-06-29","なし","南総里見八犬伝（十）","岩波文庫、岩波書店","1990（平成2）年7月16日","1990（平成2）年7月16日第1刷","1990（平成2）年7月16日第1刷","","","","","","","","","","","","しだひろし","川山隆","https://www.aozora.gr.jp/cards/000165/files/47122_ruby_35714.zip","2009-08-17","ShiftJIS","JIS X 0208","0","https://www.aozora.gr.jp/cards/000165/files/47122_35991.html","2009-08-17","ShiftJIS","JIS X 0208","0"
"056634","幻化","げんか","けんか","","","","「新潮」新潮社、1965（昭和40）年6月","NDC 913","新字新仮名","なし",2016-02-29,2016-01-01,"https://www.aozora.gr.jp/cards/001798/card56634.html","001798","梅崎","春生","うめざき","はるお","うめさき","はるお","Umezaki","Haruo","著者","1915-02-15","1965-07-19","なし","桜島・日の果て・幻化","講談社文芸文庫、講談社","1989（平成元）年6月10日","1989（平成元）年6月10日第1刷","2014（平成26）年2月3日第20刷","梅崎春生全集　第六巻","新潮社","1967（昭和42）年5月10日","","","","","","","","","kompass","酒井裕二","https://www.aozora.gr.jp/cards/001798/files/56634_ruby_58202.zip","2016-01-01","ShiftJIS","JIS X 0208","0","https://www.aozora.gr.jp/cards/001798/files/56634_58211.html","2016-01-01","ShiftJIS","JIS X 0208","0"
"001255","海野十三敗戦日記","うんのじゅうざはいせんにっき","うんのしゆうさはいせんにつき","","","","","NDC 915","新字新仮名","なし",2001-01-13,2014-09-17,"https://www.aozora.gr.jp/cards/000160/card1255.html","000160","海野","十三","うんの","じゅうざ","うんの","しゆうさ","Unno","Juza","著者","1897-12-26","1949-05-17","なし","海野十三全集　別巻2　日記・書簡・雑纂","三一書房","1993（平成5）年1月31日","1993（平成5）年1月31日第1版第1刷","1993（平成5）年1月31日第1版第1刷","海野十三敗戦日記、橋本哲男編","講談社","1971（昭和46）年7月24日","","","","","","","","","青空文庫","伊藤時也","https://www.aozora.gr.jp/cards/000160/files/1255_ruby_6570.zip","2012-12-19","ShiftJIS","JIS X 0208","2","https://www.aozora.gr.jp/cards/000160/files/1255_6571.html","2012-12-19","ShiftJIS","JIS X 0208","1"
"002717","金属人間","きんぞくにんげん","きんそくにんけん","","","","「サイエンス」1947（昭和22）年12月～1949（昭和24）年2月号","NDC K913","新字新仮名","なし",2001-12-28,2014-09-17,"https://www.aozora.gr.jp/cards/000160/card2717.html","000160","海野","十三","うんの","じゅうざ","うんの","しゆうさ","Unno","Juza","著者","1897-12-26","1949-05-17","なし","海野十三全集　第12巻　超人間Ｘ号","三一書房","1990（平成2）年8月15日","1990（平成2）年8月15日第1版第1刷","","","","","","","","","","","","","tatsuki","原田頌子","https://www.aozora.gr.jp/cards/000160/files/2717_ruby_23977.zip","2006-08-01","ShiftJIS","JIS X 0208","2","https://www.aozora.gr.jp/cards/000160/files/2717_23978.html","2006-08-01","ShiftJIS","JIS X 0208","0"
"002615","少年探偵長","しょうねんたんていちょう","しようねんたんていちよう","","","","","NDC K913","新字新仮名","なし",2002-01-12,2014-09-17,"https://www.aozora.gr.jp/cards/000160/card2615.html","000160","海野","十三","うんの","じゅうざ","うんの","しゆうさ","Unno","Juza","著者","1897-12-26","1949-05-17","なし","海野十三全集　第13巻　少年探偵長","三一書房","1992（平成4）年2月29日","1992（平成4）年2月29日第1版第1刷","1992（平成4）年2月29日第1版第1刷","","","","","","","","","","","","tatsuki","小林繁雄","https://www.aozora.gr.jp/cards/000160/files/2615_ruby_23958.zip","2006-07-29","ShiftJIS","JIS X 0208","1","https://www.aozora.gr.jp/cards/000160/files/2615_23959.html","2006-07-29","ShiftJIS","JIS X 0208","0"
"001236","ネオン横丁殺人事件","ネオンよこちょうさつじんじけん","ねおんよこちようさつしんしけん","","","","「アサヒグラフ」1931（昭和6）年10月号","NDC 913","新字新仮名","なし",2005-08-05,2014-09-18,"https://www.aozora.gr.jp/cards/000160/card1236.html","000160","海野","十三","うんの","じゅうざ","うんの","しゆうさ","Unno","Juza","著者","1897-12-26","1949-05-17","なし","海野十三全集　第1巻　遺言状放送","三一書房","1990（平成2）年10月15日","1990（平成2）年10月15日第1版第1刷","1990（平成2）年10月15日第1版第1刷","","","","","","","","","","","","tatsuki","小林繁雄、門田裕志","https://www.aozora.gr.jp/cards/000160/files/1236_ruby_18730.zip","2005-06-25","ShiftJIS","JIS X 0208","0","https://www.aozora.gr.jp/cards/000160/files/1236_18847.html","2005-06-25","ShiftJIS","JIS X 0208","0"
"003518","獏鸚","ばくおう","はくおう","","","","「新青年」博文館、1935（昭和10）年5月","NDC 913","新字新仮名","なし",2005-12-28,2014-09-18,"https://www.aozora.gr.jp/cards/000160/card3518.html","000160","海野","十三","うんの","じゅうざ","うんの","しゆうさ","Unno","Juza","著者","1897-12-26","1949-05-17","なし","海野十三全集　第3巻　深夜の市長","三一書房","1988（昭和63）年6月30日","1988（昭和63）年6月30日第1版第1刷","1988（昭和63）年6月30日第1版第1刷","","","","","","","","","","","","tatsuki","小林繁雄、門田裕志","https://www.aozora.gr.jp/cards/000160/files/3518_ruby_20403.zip","2005-11-24","ShiftJIS","JIS X 0208","0","https://www.aozora.gr.jp/cards/000160/files/3518_20564.html","2005-11-24","ShiftJIS","JIS X 0208","0"
"045231","オフェリヤ殺し","オフェリヤごろし","おふえりやころし","","","","「改造」改造社、1935（昭和10）年2月号","NDC 913","新字新仮名","なし",2007-02-20,2014-09-21,"https://www.aozora.gr.jp/cards/000125/card45231.html","000125","小栗","虫太郎","おぐり","むしたろう","おくり","むしたろう","Oguri","Mushitaro","著者","1901-03-14","1946-02-10","なし","二十世紀鉄仮面　小栗虫太郎全作品4","桃源社","1979（昭和54）年3月15日","1979（昭和54）年3月15日","1997（平成9）年9月15日第4回配本","二十世紀鉄仮面","桃源社","1971（昭和46）年11月15日","","","","","","","","","ロクス・ソルス","土屋隆","https://www.aozora.gr.jp/cards/000125/files/45231_ruby_24950.zip","2009-09-13","ShiftJIS","JIS X 0208","1","https://www.aozora.gr.jp/cards/000125/files/45231_25763.html","2007-01-16","ShiftJIS","JIS X 0208","0"
"018403","愛護若","あいごのわか","あいこのわか","","","","「土俗と伝説　第一巻第一―三号」1918（大正7年）8月～10月","NDC 388","新字旧仮名","なし",2004-01-23,2014-09-18,"https://www.aozora.gr.jp/cards/000933/card18403.html","000933","折口","信夫","おりくち","しのぶ","おりくち","しのふ","Orikuchi","Shinobu","著者","1887-02-11","1953-09-03","なし","折口信夫全集　2","中央公論社","1995（平成7）年3月10日","1995（平成7）年3月10日初版","1995（平成7）年3月10日初版","古代研究　民俗学篇第一","大岡山書店","1929（昭和4）年4月10日","","","","","","","","","高柳典子","多羅尾伴内","https://www.aozora.gr.jp/cards/000933/files/18403_ruby_14404.zip","2004-01-24","ShiftJIS","JIS X 0208","1","https://www.aozora.gr.jp/cards/000933/files/18403_14406.html","2004-01-24","ShiftJIS","JIS X 0208","1"
"003202","川端康成第四短篇集「心中」を主題とせるヴァリエイシヨン","かわばたやすなりだいよんたんぺんしゅう「しんじゅう」をしゅだいとせるヴァリエイション","かわはたやすなりたいよんたんへんしゆうしんしゆうをしゆたいとせるうありえいしよん","","","","","NDC 913","旧字旧仮名","なし",2002-11-28,2014-09-17,"https://www.aozora.gr.jp/cards/000074/card3202.html","000074","梶井","基次郎","かじい","もとじろう","かしい","もとしろう","Kajii","Motojiro","著者","1901-02-17","1932-03-24","なし","梶井基次郎全集　第一巻","筑摩書房","1999（平成11）年11月10日","1999（平成11）年11月10日初版第1刷","","『青空』第2巻第7号通巻第17号","","1926（大正15）年7月1日","","","","","","","","","高柳典子","小林繁雄","https://www.aozora.gr.jp/cards/000074/files/3202_ruby_7604.zip","2002-11-10","ShiftJIS","JIS X 0208","1","https://www.aozora.gr.jp/cards/000074/files/3202_7605.html","2002-11-10","ShiftJIS","JIS X 0208","0"
"018353","貧乏物語","びんぼうものがたり","ひんほうものかたり","","","","","NDC 331","新字新仮名","なし",2008-05-01,2014-09-21,"https://www.aozora.gr.jp/cards/000250/card18353.html","000250","河上","肇","かわかみ","はじめ","かわかみ","はしめ","Kawakami","Hajime","著者","1879-10-20","1946-01-30","なし","貧乏物語","岩波文庫、岩波書店","1947（昭和22）年9月5日、1965（昭和40）年10月16日第30刷改版","1978（昭和53）年11月10日第47版","1992（平成4）年1月10日第63刷","","","","","","","","","","","","sogo","鈴木厚司","https://www.aozora.gr.jp/cards/000250/files/18353_ruby_28946.zip","2008-04-07","ShiftJIS","JIS X 0208","0","https://www.aozora.gr.jp/cards/000250/files/18353_30892.html","2008-04-07","ShiftJIS","JIS X 0208","0"
"049617","東京景物詩及其他","とうきょうけいぶつしそのた","とうきようけいふつしそのた","","","","","NDC 911","新字旧仮名","なし",2009-05-17,2014-09-21,"https://www.aozora.gr.jp/cards/000106/card49617.html","000106","北原","白秋","きたはら","はくしゅう","きたはら","はくしゆう","Kitahara","Hakushu","著者","1885-01-25","1942-11-02","なし","白秋全集　3","岩波書店","1985（昭和60）年5月7日","1985（昭和60）年5月7日","1985（昭和60）年5月7日","","","","","","","","","","","","飛鷹美緒","小林繁雄","https://www.aozora.gr.jp/cards/000106/files/49617_ruby_34591.zip","2009-04-18","ShiftJIS","JIS X 0208","0","https://www.aozora.gr.jp/cards/000106/files/49617_34958.html","2009-04-18","ShiftJIS","JIS X 0208","0"
"002590","愛と認識との出発","あいとにんしきとのしゅっぱつ","あいとにんしきとのしゆつはつ","","","","","NDC 914","新字新仮名","なし",2002-03-18,2014-09-17,"https://www.aozora.gr.jp/cards/000256/card2590.html","000256","倉田","百三","くらた","ひゃくぞう","くらた","ひやくそう","Kurata","Hyakuzo","著者","1891-02-23","1943-02-12","なし","愛と認識との出発","角川文庫、角川書店","1950（昭和25）年6月30日、1967（昭和42）年9月30日64版","1982（昭和57）年12月20日改版31版","","","","","","","","","","","","","藤原隆行","小林繁雄","https://www.aozora.gr.jp/cards/000256/files/2590_ruby_20694.zip","2005-12-06","ShiftJIS","JIS X 0208","1","https://www.aozora.gr.jp/cards/000256/files/2590_20695.html","2005-12-06","ShiftJIS","JIS X 0208","0"
"001413","善くならうとする祈り","よくなろうとするいのり","よくなろうとするいのり","","","","","NDC 914","新字旧仮名","なし",2000-11-22,2014-09-17,"https://www.aozora.gr.jp/cards/000256/card1413.html","000256","倉田","百三","くらた","ひゃくぞう","くらた","ひやくそう","Kurata","Hyakuzo","著者","1891-02-23","1943-02-12","なし","日本の名随筆86　祈","作品社","1989（平成元）年12月25日","","","新装・倉田百三選集　第一巻","春秋社","1976（昭和51）年10月","","","","","","","","","加藤恭子","菅野朋子","https://www.aozora.gr.jp/cards/000256/files/1413_ruby.zip","2000-11-22","ShiftJIS","JIS X 0208","0","https://www.aozora.gr.jp/cards/000256/files/1413.html","2000-11-22","ShiftJIS","JIS X 0208","0"
"003537","支那史上の偉人（孔子と孔明）","しなしじょうのいじん（こうしとこうめい）","しなししようのいしんこうしとこうめい","","","","","NDC 222","旧字旧仮名","なし",2001-12-12,2014-09-17,"https://www.aozora.gr.jp/cards/000372/card3537.html","000372","桑原","隲蔵","くわばら","じつぞう","くわはら","しつそう","Kuwabara","Jitsuzo","著者","1871-01-27","1931-05-24","なし","桑原隲藏全集　第一卷　東洋史説苑","岩波書店","1968（昭和43）年2月13日","1968（昭和43）年2月13日","1968（昭和43）年2月13日","東洋史説苑","","1927（昭和2）年5月10日","","","","","","","","","はまなかひとし","菅野朋子","https://www.aozora.gr.jp/cards/000372/files/3537_ruby_5926.zip","2004-02-20","ShiftJIS","JIS X 0208","3","https://www.aozora.gr.jp/cards/000372/files/3537_14875.html","2004-02-20","ShiftJIS","JIS X 0208","0"
"004314","東西交通史上より観たる日本の開発","とうざいこうつうしじょうよりみたるにほんのかいはつ","とうさいこうつうししようよりみたるにほんのかいはつ","","","","「開國文化」1929（昭和4）年11月","NDC 222","旧字旧仮名","なし",2002-03-04,2014-09-17,"https://www.aozora.gr.jp/cards/000372/card4314.html","000372","桑原","隲蔵","くわばら","じつぞう","くわはら","しつそう","Kuwabara","Jitsuzo","著者","1871-01-27","1931-05-24","なし","桑原隲藏全集　第一卷　東洋史説苑","岩波書店","1968（昭和43）年2月13日","1968（昭和43）年2月13日","1968（昭和43）年2月13日","","","","","","","","","","","","はまなかひとし","菅野朋子","https://www.aozora.gr.jp/cards/000372/files/4314_ruby_6218.zip","2007-07-20","ShiftJIS","JIS X 0208","4","https://www.aozora.gr.jp/cards/000372/files/4314_14884.html","2004-03-29","ShiftJIS","JIS X 0208","1"
"003667","歴史上より観たる南支那の開発","れきしじょうよりみたるみなみしなのかいはつ","れきししようよりみたるみなみしなのかいはつ","","","","「雄辯　第十卷第五號」1919（大正8）年4月","NDC 222","旧字旧仮名","なし",2002-02-26,2014-09-17,"https://www.aozora.gr.jp/cards/000372/card3667.html","000372","桑原","隲蔵","くわばら","じつぞう","くわはら","しつそう","Kuwabara","Jitsuzo","著者","1871-01-27","1931-05-24","なし","桑原隲藏全集　第一卷　東洋史説苑","岩波書店","1968（昭和43）年2月13日","1968（昭和43）年2月13日","1968（昭和43）年2月13日","東洋史説苑","弘文堂","1927（昭和2）年5月10日","","","","","","","","","はまなかひとし","菅野朋子","https://www.aozora.gr.jp/cards/000372/files/3667_ruby_6212.zip","2004-02-22","ShiftJIS","JIS X 0208","1","https://www.aozora.gr.jp/cards/000372/files/3667_14888.html","2004-02-22","ShiftJIS","JIS X 0208","0"
"058129","赤い婚礼","あかいこんれい","あかいこんれい","","","Red Bridal","","NDC 933","新字新仮名","あり",2017-01-18,2022-04-25,"https://www.aozora.gr.jp/cards/000258/card58129.html","000258","小泉","八雲","こいずみ","やくも","こいすみ","やくも","Koizumi","Yakumo","著者","1850-06-27","1904-09-26","なし","","","","","","","","","","","","","","","","","林田清明","","https://www.aozora.gr.jp/cards/000258/files/58129_ruby_60565.zip","2022-04-25","ShiftJIS","JIS X 0208","3","https://www.aozora.gr.jp/cards/000258/files/58129_60566.html","2022-04-20","ShiftJIS","JIS X 0208","2"
"062443","銀河のロマンス","ぎんがのロマンス","きんかのろまんす","（「天の河縁起」「天の川綺譚」）","（「あまのがわえんぎ」「あまのがわきたん」）","THE ROMANCE OF THE MILKY WAY","","","新字新仮名","あり",2023-09-26,2023-09-19,"https://www.aozora.gr.jp/cards/000258/card62443.html","000258","小泉","八雲","こいずみ","やくも","こいすみ","やくも","Koizumi","Yakumo","著者","1850-06-27","1904-09-26","なし","","","","","","","","","","","","","","","","","林田清明","","https://www.aozora.gr.jp/cards/000258/files/62443_ruby_77581.zip","2023-08-29","ShiftJIS","JIS X 0208","0","https://www.aozora.gr.jp/cards/000258/files/62443_77582.html","2023-08-29","ShiftJIS","JIS X 0208","0"
"003508","雁坂越","かりさかごえ","かりさかこえ","","","","","NDC 913","新字新仮名","なし",2001-10-02,2014-09-17,"https://www.aozora.gr.jp/cards/000051/card3508.html","000051","幸田","露伴","こうだ","ろはん","こうた","ろはん","Koda","Rohan","著者","1867-08-20","1947-07-30","なし","ちくま日本文学全集　幸田露伴","筑摩書房","1992（平成4）年3月20日","","","露伴全集","岩波書店","","","","","","","","","","kompass","林幸雄","https://www.aozora.gr.jp/cards/000051/files/3508_ruby_4030.zip","2003-12-21","ShiftJIS","JIS X 0208","1","https://www.aozora.gr.jp/cards/000051/files/3508_14080.html","2003-12-21","ShiftJIS","JIS X 0208","0"
"004620","東西伊呂波短歌評釈","とうざいいろはたんかひょうしゃく","とうさいいろはたんかひようしやく","","","","","NDC 798 914","新字旧仮名","なし",2002-12-21,2014-09-17,"https://www.aozora.gr.jp/cards/000051/card4620.html","000051","幸田","露伴","こうだ","ろはん","こうた","ろはん","Koda","Rohan","著者","1867-08-20","1947-07-30","なし","日本の名随筆70　語","作品社","1988（昭和63）年8月25日","1992（平成4）年4月10日 第7刷","","露伴随筆　第二冊","岩波書店","1983（昭和58）年4月","","","","","","","","","渡邉つよし","門田裕志","https://www.aozora.gr.jp/cards/000051/files/4620_ruby_7776.zip","2002-12-04","ShiftJIS","JIS X 0208","1","https://www.aozora.gr.jp/cards/000051/files/4620_7952.html","2002-12-04","ShiftJIS","JIS X 0208","0"
"001459","闘争","とうそう","とうそう","","","","「新青年」1929（昭和4）年5月号","NDC 913","新字新仮名","なし",2005-12-22,2014-09-18,"https://www.aozora.gr.jp/cards/000262/card1459.html","000262","小酒井","不木","こざかい","ふぼく","こさかい","ふほく","Kosakai","Fuboku","著者","1890-10-08","1929-04-01","なし","日本探偵小説全集1　黒岩涙香　小酒井不木　甲賀三郎集","創元推理文庫、東京創元社","1984（昭和59）年12月21日","1996（平成8）年8月2日8版","1994（平成6）年3月4日7版","","","","","","","","","","","","土屋隆","川山隆","https://www.aozora.gr.jp/cards/000262/files/1459_ruby_19474.zip","2005-11-24","ShiftJIS","JIS X 0208","0","https://www.aozora.gr.jp/cards/000262/files/1459_20558.html","2005-11-24","ShiftJIS","JIS X 0208","0"
"043684","独房","どくぼう","とくほう","","","","「中央公論　夏期特集号」中央公論社、1931（昭和6）年7月","NDC 913","新字新仮名","なし",2007-01-13,2014-09-21,"https://www.aozora.gr.jp/cards/000156/card43684.html","000156","小林","多喜二","こばやし","たきじ","こはやし","たきし","Kobayashi","Takiji","著者","1903-10-13","1933-02-20","なし","工場細胞","新日本文庫、新日本出版","1978（昭和53）年2月25日","1978（昭和53）年2月25日初版","1982（昭和57）年12月105日第2版","","","","","","","","","","","","細見祐司","林幸雄","https://www.aozora.gr.jp/cards/000156/files/43684_ruby_24734.zip","2006-12-24","ShiftJIS","JIS X 0208","0","https://www.aozora.gr.jp/cards/000156/files/43684_25187.html","2006-12-24","ShiftJIS","JIS X 0208","0"
"043175","安吾巷談","あんごこうだん","あんここうたん","04 今日われ競輪す","04 きょうわれけいりんす","","「文藝春秋　第二八巻第四号」1950（昭和25）年4月1日","NDC 914","新字新仮名","なし",2006-02-07,2014-09-18,"https://www.aozora.gr.jp/cards/001095/card43175.html","001095","坂口","安吾","さかぐち","あんご","さかくち","あんこ","Sakaguchi","Ango","著者","1906-10-20","1955-02-17","なし","坂口安吾全集　08","筑摩書房","1998（平成10）年9月20日","1998（平成10）年9月20日初版第1刷","1998（平成10）年9月20日初版第1刷","文藝春秋　第二八巻第四号","","1950（昭和25）年4月1日","","","","","","","","","tatsuki","宮元淳一","https://www.aozora.gr.jp/cards/001095/files/43175_ruby_21375.zip","2006-01-10","ShiftJIS","JIS X 0208","0","https://www.aozora.gr.jp/cards/001095/files/43175_21387.html","2006-01-10","ShiftJIS","JIS X 0208","0"
"043190","投手殺人事件","ピッチャーさつじんじけん","ひつちやあさつしんしけん","","","","「講談倶楽部　第二巻第五号」1950（昭和25）年4月10日","NDC 913","新字新仮名","なし",2006-06-11,2014-09-18,"https://www.aozora.gr.jp/cards/001095/card43190.html","001095","坂口","安吾","さかぐち","あんご","さかくち","あんこ","Sakaguchi","Ango","著者","1906-10-20","1955-02-17","なし","坂口安吾全集　09","筑摩書房","1998（平成10）年10月20日","1998（平成10）年10月20日","1998（平成10）年10月20日","講談倶楽部　第二巻第五号","","1950（昭和25）年4月10日","","","","","","","","","tatsuki","花田泰治郎","https://www.aozora.gr.jp/cards/001095/files/43190_ruby_22518.zip","2006-04-08","ShiftJIS","JIS X 0208","0","https://www.aozora.gr.jp/cards/001095/files/43190_22525.html","2006-04-08","ShiftJIS","JIS X 0208","0"
"051409","手紙","てがみ","てかみ","017 慶応元年九月九日　坂本乙女、おやべあて","017 けいおうがんねんくがつここのか　さかもとおとめ、おやべあて","","","NDC 289","新字旧仮名","なし",2010-08-12,2014-09-21,"https://www.aozora.gr.jp/cards/000908/card51409.html","000908","坂本","竜馬","さかもと","りょうま","さかもと","りようま","Sakamoto","Ryoma","著者","1836-01-03","1867-12-10","なし","龍馬の手紙、宮地佐一郎","講談社学術文庫、講談社","2003（平成15）年12月10日","2008（平成20）年9月19日第7刷","2008（平成20）年9月19日第7刷","","","","","","","","","","","","Yanajin33","Hanren","https://www.aozora.gr.jp/cards/000908/files/51409_ruby_39921.zip","2011-06-18","ShiftJIS","JIS X 0208","2","https://www.aozora.gr.jp/cards/000908/files/51409_39901.html","2011-06-18","ShiftJIS","JIS X 0208","3"
"057368","ぐうたら道中記","ぐうたらどうちゅうき","くうたらとうちゆうき","","","","「主婦之友」主婦之友社、1922（大正11）年1月～12月","NDC 913","新字新仮名","なし",2021-09-22,2021-08-28,"https://www.aozora.gr.jp/cards/001750/card57368.html","001750","佐々木","邦","ささき","くに","ささき","くに","Sasaki","Kuni","著者","1883-05-04","1964-09-22","なし","佐々木邦全集5　ガラマサどん　使う人使われる人　ぐうたら道中記　豊分居雑筆　世間と人間","講談社","1975（昭和50）年2月20日","1980（昭和55）年3月3日第2刷","1975（昭和50）年2月20日第1刷","","","","","","","","","","","","橋本泰平","芝裕久","https://www.aozora.gr.jp/cards/001750/files/57368_ruby_74029.zip","2021-08-28","ShiftJIS","JIS X 0208","0","https://www.aozora.gr.jp/cards/001750/files/57368_74067.html","2021-08-28","ShiftJIS","JIS X 0208","0"
"002309","指","ゆび","ゆひ","","","","「文学時代」1929（昭和4）年6月号","NDC 913","新字新仮名","なし",1999-09-24,2014-09-17,"https://www.aozora.gr.jp/cards/000134/card2309.html","000134","佐左木","俊郎","ささき","としろう","ささき","としろう","Sasaki","Toshiro","著者","1900-04-14","1933-03-13","なし","佐左木俊郎選集","英宝社","1984（昭和59）年4月14日","1984（昭和59）年4月14日初版","1984（昭和59）年4月14日初版","","","","","","","","","","","","大野晋","鈴木伸吾","https://www.aozora.gr.jp/cards/000134/files/2309_ruby_2512.zip","2003-10-27","ShiftJIS","JIS X 0208","2","https://www.aozora.gr.jp/cards/000134/files/2309_13553.html","2003-10-27","ShiftJIS","JIS X 0208","0"
"000351","業平文治漂流奇談","なりひらぶんじひょうりゅうきだん","なりひらふんしひようりゆうきたん","","","","","NDC 779 913","新字新仮名","なし",2000-01-18,2014-09-17,"https://www.aozora.gr.jp/cards/000989/card351.html","000989","三遊亭","円朝","さんゆうてい","えんちょう","さんゆうてい","えんちよう","San'yutei","Encho","著者","1839-05-13","1900-08-11","なし","圓朝全集　巻の四","近代文芸・資料複刻叢書、世界文庫","1963（昭和38）年9月10日","","","圓朝全集　巻の四","春陽堂","1927（昭和2）年6月28日","","","","","","","","","小林繁雄","かとうかおり","https://www.aozora.gr.jp/cards/000989/files/351_ruby.zip","2000-01-18","ShiftJIS","JIS X 0208","0","https://www.aozora.gr.jp/cards/000989/files/351.html","2000-01-18","ShiftJIS","JIS X 0208","0"
"004854","桃の雫","もものしずく","もものしすく","","","","","NDC 914","旧字旧仮名","なし",2008-06-10,2014-09-21,"https://www.aozora.gr.jp/cards/000158/card4854.html","000158","島崎","藤村","しまざき","とうそん","しまさき","とうそん","Shimazaki","Toson","著者","1872-03-25","1943-08-22","なし","藤村全集第十三卷","筑摩書房","1967（昭和42）年3月10日","1978（昭和53）年8月30日愛蔵版","1967（昭和42）年9月10日","","","","","","","","","","","","Nana ohbe","小林繁雄、門田裕志","https://www.aozora.gr.jp/cards/000158/files/4854_ruby_30098.zip","2012-04-26","ShiftJIS","JIS X 0208","1","https://www.aozora.gr.jp/cards/000158/files/4854_31470.html","2012-04-26","ShiftJIS","JIS X 0208","1"
"043785","現代訳論語","げんだいやくろんご","けんたいやくろんこ","","","","","NDC 123","新字新仮名","なし",2016-05-20,2021-10-11,"https://www.aozora.gr.jp/cards/001097/card43785.html","001097","下村","湖人","しもむら","こじん","しもむら","こしん","Shimomura","Kojin","著者","1884-10-03","1955-04-20","なし","下村湖人全集　第五巻","池田書店","1965（昭和40）年5月15日","1965（昭和40）年5月15日","1965（昭和40）年5月15日","","","","","","","","","","","","tatsuki","酒井和郎","https://www.aozora.gr.jp/cards/001097/files/43785_ruby_58793.zip","2021-10-11","ShiftJIS","JIS X 0208","1","https://www.aozora.gr.jp/cards/001097/files/43785_58836.html","2021-10-11","ShiftJIS","JIS X 0208","1"
"047205","かもじの美術家","かもじのびじゅつか","かもしのひしゆつか","――墓のうえの物語――","――はかのうえのものがたり――","","","NDC 983","新字新仮名","なし",2009-08-09,2014-09-21,"https://www.aozora.gr.jp/cards/001295/card47205.html","001157","神西","清","じんざい","きよし","しんさい","きよし","Jinzai","Kiyoshi","翻訳者","1903-11-15","1957-03-11","なし","真珠の首飾り　他二篇","岩波文庫、岩波書店","1951（昭和26）年2月10日","2007（平成19）年2月21日第7刷","2007（平成19）年2月21日第7刷","","","","","","","","","","","","oterudon","伊藤時也","https://www.aozora.gr.jp/cards/001295/files/47205_ruby_35364.zip","2009-07-15","ShiftJIS","JIS X 0208","0","https://www.aozora.gr.jp/cards/001295/files/47205_35644.html","2009-07-15","ShiftJIS","JIS X 0208","0"
"047207","ムツェンスク郡のマクベス夫人","ムツェンスクぐんのマクベスふじん","むつえんすくくんのまくへすふしん","","","","","NDC 983","新字新仮名","なし",2009-08-09,2014-09-21,"https://www.aozora.gr.jp/cards/001295/card47207.html","001157","神西","清","じんざい","きよし","しんさい","きよし","Jinzai","Kiyoshi","翻訳者","1903-11-15","1957-03-11","なし","真珠の首飾り　他二篇","岩波文庫、岩波書店","1951（昭和26）年2月10日","2007（平成19）年2月21日第7刷","2007（平成19）年2月21日第7刷","","","","","","","","","","","","oterudon","伊藤時也","https://www.aozora.gr.jp/cards/001295/files/47207_ruby_35366.zip","2009-07-15","ShiftJIS","JIS X 0208","0","https://www.aozora.gr.jp/cards/001295/files/47207_35646.html","2009-07-15","ShiftJIS","JIS X 0208","0"
"045642","嘘の効用","うそのこうよう","うそのこうよう","","","","「改造」1922（大正11）年7月号","NDC 320","新字新仮名","なし",2007-12-03,2014-09-21,"https://www.aozora.gr.jp/cards/000922/card45642.html","000922","末弘","厳太郎","すえひろ","いずたろう","すえひろ","いすたろう","Suehiro","Izutaro","著者","1888-11-30","1951-09-11","なし","役人学三則","岩波現代文庫、岩波書店","2000（平成12）年2月16日","2000（平成12）年2月16日第1刷","2000（平成12）年4月7日第3刷","","","","","","","","","","","","sogo","染川隆俊","https://www.aozora.gr.jp/cards/000922/files/45642_txt_28273.zip","2008-04-09","ShiftJIS","JIS X 0208","1","https://www.aozora.gr.jp/cards/000922/files/45642_28592.html","2008-04-09","ShiftJIS","JIS X 0208","1"
"045215","役人の頭","やくにんのあたま","やくにんのあたま","","","","「東京日日新聞」","NDC 320","新字新仮名","なし",2005-05-07,2014-09-18,"https://www.aozora.gr.jp/cards/000922/card45215.html","000922","末弘","厳太郎","すえひろ","いずたろう","すえひろ","いすたろう","Suehiro","Izutaro","著者","1888-11-30","1951-09-11","なし","役人学三則","岩波現代文庫、岩波書店","2000（平成12）年2月16日","2000（平成12）年2月16日第1刷","2001（平成13）年1月10日第4刷","","","","","","","","","","","","sogo","noriko saito","https://www.aozora.gr.jp/cards/000922/files/45215_txt_18217.zip","2008-04-09","ShiftJIS","JIS X 0208","2","https://www.aozora.gr.jp/cards/000922/files/45215_18240.html","2008-04-09","ShiftJIS","JIS X 0208","1"
"046433","玩具の汽缶車","おもちゃのきかんしゃ","おもちやのきかんしや","","","","","NDC K913","新字新仮名","なし",2006-08-01,2014-09-18,"https://www.aozora.gr.jp/cards/000212/card46433.html","000212","竹久","夢二","たけひさ","ゆめじ","たけひさ","ゆめし","Takehisa","Yumeji","著者","1884-09-16","1934-09-01","なし","童話集　春","小学館文庫、小学館","2004（平成16）年8月1日","2004（平成16）年8月1日初版第1刷","2004（平成16）年8月1日初版第1刷","童話　春","研究社","1926（大正15）年12月","","","","","","","","","noir","noriko saito","https://www.aozora.gr.jp/cards/000212/files/46433_ruby_23507.zip","2006-07-02","ShiftJIS","JIS X 0208","0","https://www.aozora.gr.jp/cards/000212/files/46433_23629.html","2006-07-02","ShiftJIS","JIS X 0208","0"
"000307","お伽草紙","おとぎぞうし","おときそうし","","","","筑摩書房刊、1945（昭和20）年10月","NDC 913","新字旧仮名","なし",2000-01-13,2014-09-17,"https://www.aozora.gr.jp/cards/000035/card307.html","000035","太宰","治","だざい","おさむ","たさい","おさむ","Dazai","Osamu","著者","1909-06-19","1948-06-13","なし","太宰治全集第七巻","筑摩書房","1990（平成2）年6月27日","1990（平成2）年6月27日初版第1刷","","","","","","","","","","","","","八巻美恵","高橋じゅんや","https://www.aozora.gr.jp/cards/000035/files/307_ruby_3042.zip","2004-02-23","ShiftJIS","JIS X 0208","4","https://www.aozora.gr.jp/cards/000035/files/307_14909.html","2004-02-23","ShiftJIS","JIS X 0208","0"
"042945","ダス・ゲマイネ","ダス・ゲマイネ","たすけまいね","","","","「文藝春秋」1935（昭和10）年10月","NDC 913","新字新仮名","なし",2004-03-04,2014-09-18,"https://www.aozora.gr.jp/cards/000035/card42945.html","000035","太宰","治","だざい","おさむ","たさい","おさむ","Dazai","Osamu","著者","1909-06-19","1948-06-13","なし","走れメロス","新潮文庫、新潮社","1967（昭和42）年7月10日、1985（昭和60）年9月15日40刷改版","1989（平成元）年6月10日50刷","","","","","","","","","","","","","野口英司","八巻美恵","https://www.aozora.gr.jp/cards/000035/files/42945_ruby_14903.zip","2004-02-23","ShiftJIS","JIS X 0208","0","https://www.aozora.gr.jp/cards/000035/files/42945_14904.html","2004-02-23","ShiftJIS","JIS X 0208","0"
"000271","HUMAN LOST","ヒューマン　ロスト","ひゆうまんろすと","","","","「新潮」1937（昭和12）年4月","NDC 913","新字新仮名","なし",1999-08-30,2014-09-17,"https://www.aozora.gr.jp/cards/000035/card271.html","000035","太宰","治","だざい","おさむ","たさい","おさむ","Dazai","Osamu","著者","1909-06-19","1948-06-13","なし","太宰治全集2","ちくま文庫、筑摩書房","1988（昭和63）年9月27日","1988（昭和63）年9月27日第1刷","","筑摩全集類聚版太宰治全集","筑摩書房","1975（昭和50）年6月～1976（昭和51）年6月","","","","","","","","","柴田卓治","小林繁雄","https://www.aozora.gr.jp/cards/000035/files/271_ruby_2362.zip","2004-03-04","ShiftJIS","JIS X 0208","1","https://www.aozora.gr.jp/cards/000035/files/271_15084.html","2004-03-04","ShiftJIS","JIS X 0208","0"
"000889","萱草に寄す","わすれぐさによす","わすれくさによす","","","","","NDC 911","新字旧仮名","なし",1997-09-11,2014-09-17,"https://www.aozora.gr.jp/cards/000011/card889.html","000011","立原","道造","たちはら","みちぞう","たちはら","みちそう","Tachihara","Michizo","著者","1914-07-30","1939-03-29","なし","立原道造全集　第1卷　詩集Ⅰ","角川書店","1971（昭和46）年6月20日","","","萱草に寄す","風信子叢書刊行会（自費出版）","1937（昭和12）年5月12日","","","","","","","","","八巻美恵","","https://www.aozora.gr.jp/cards/000011/files/889_ruby_20332.zip","2005-11-10","ShiftJIS","JIS X 0208","4","https://www.aozora.gr.jp/cards/000011/files/889_20333.html","2005-11-10","ShiftJIS","JIS X 0208","0"
"047570","其中日記","ごちゅうにっき","こちゆうにつき","02 （二）","02 （に）","","","NDC 911 915","新字旧仮名","なし",2009-02-09,2014-09-21,"https://www.aozora.gr.jp/cards/000146/card47570.html","000146","種田","山頭火","たねだ","さんとうか","たねた","さんとうか","Taneda","Santoka","著者","1882-12-03","1940-10-11","なし","山頭火全集　第四巻","春陽堂書店","1986（昭和61）年8月5日","1986（昭和61）年8月5日第1刷","1986（昭和61）年8月5日第1刷","","","","","","","","","","","","小林繁雄","仙酔ゑびす","https://www.aozora.gr.jp/cards/000146/files/47570_ruby_33323.zip","2009-01-15","ShiftJIS","JIS X 0208","0","https://www.aozora.gr.jp/cards/000146/files/47570_34231.html","2009-01-15","ShiftJIS","JIS X 0208","0"
"050305","風は草木にささやいた","かぜはくさきにささやいた","かせはくさきにささやいた","02 跋","02 ばつ","","","NDC 911","旧字旧仮名","なし",2009-05-05,2014-09-21,"https://www.aozora.gr.jp/cards/000344/card50305.html","000344","土田","杏村","つちだ","きょうそん","つちた","きようそん","Tsuchida","Kyoson","著者","1891-01-15","1934-04-25","なし","日本現代文學全集　54　千家元麿・山村暮鳥・佐藤惣之助・福士幸次郎・堀口大學集","講談社","1966（昭和41）年8月19日","1966（昭和41）年8月19日発行","1966（昭和41）年8月19日発行","","","","","","","","","","","","土屋隆","田中敬三","https://www.aozora.gr.jp/cards/000344/files/50305_ruby_35023.zip","2009-04-25","ShiftJIS","JIS X 0208","0","https://www.aozora.gr.jp/cards/000344/files/50305_35024.html","2009-04-25","ShiftJIS","JIS X 0208","0"
"004327","45回転の夏","よんじゅうごかいてんのなつ","よんしゆうこかいてんのなつ","第３章　フルサークル、1991年","だいさんしょう　フルサークル、せんきゅうひゃくきゅうじゅういちねん","","「45回転の夏」新潮社、1994（平成6）年7月20日","NDC 913","新字新仮名","あり",2001-12-12,2019-08-28,"https://www.aozora.gr.jp/cards/000113/card4327.html","000113","鶴岡","雄二","つるおか","ゆうじ","つるおか","ゆうし","Tsuruoka","Yuji","著者","1953","","あり","45回転の夏","新潮社","1994（平成6）年7月20日","","","","","","","","","","","","","","鶴岡雄二","Y.N.","https://www.aozora.gr.jp/cards/000113/files/4327_ruby_67507.zip","2019-08-28","ShiftJIS","JIS X 0208","2","https://www.aozora.gr.jp/cards/000113/files/4327_67525.html","2019-08-28","ShiftJIS","JIS X 0208","1"
"002345","比較言語学における統計的研究法の可能性について","ひかくげんごがくにおけるとうけいてきけんきゅうほうのかのうせいについて","ひかくけんこかくにおけるとうけいてきけんきゆうほうのかのうせいについて","","","","「思想」1928（昭和3）年3月","NDC 801","新字新仮名","なし",2000-10-03,2014-09-17,"https://www.aozora.gr.jp/cards/000042/card2345.html","000042","寺田","寅彦","てらだ","とらひこ","てらた","とらひこ","Terada","Torahiko","著者","1878-11-28","1935-12-31","なし","寺田寅彦随筆集　第二巻","岩波文庫、岩波書店","1947（昭和22）年9月10日、1964（昭和39）年1月16日第22刷改版","1997（平成9）年5月6日第70刷","1997（平成9）年5月6日第70刷","","","","","","","","","","","","（株）モモ","かとうかおり","https://www.aozora.gr.jp/cards/000042/files/2345_ruby_4623.zip","2003-11-07","ShiftJIS","JIS X 0208","3","https://www.aozora.gr.jp/cards/000042/files/2345_13811.html","2003-11-07","ShiftJIS","JIS X 0208","0"
"042232","新詩発生時代の思ひ出","しんしはっせいじだいのおもいで","しんしはつせいしたいのおもいて","","","","「中央公論」中央公論社、1935（昭和10）年7月号","NDC 914 911 902","旧字旧仮名","なし",2006-08-04,2015-10-20,"https://www.aozora.gr.jp/cards/001081/card42232.html","001081","土井","晩翠","どい","ばんすい","とい","はんすい","Doi","Bansui","著者","1871-12-05","1952-10-19","なし","明治文學全集　58　土井晩翠　薄田泣菫　蒲原有明集","筑摩書房","1967（昭和42）年4月15日","1967（昭和42）年4月15日","1967（昭和42）年4月15日","中央公論","中央公論社","1935（昭和10）年7月号","","","","","","","","","門田裕志","小林繁雄","https://www.aozora.gr.jp/cards/001081/files/42232_ruby_23379.zip","2015-10-20","ShiftJIS","JIS X 0208","1","https://www.aozora.gr.jp/cards/001081/files/42232_23645.html","2015-10-20","ShiftJIS","JIS X 0208","1"
"003670","娯楽論","ごらくろん","こらくろん","民衆と娯楽・その積極性と社会性・","みんしゅうとごらく・そのせっきょくせいとしゃかいせい・","","","NDC 790","新字新仮名","なし",2001-08-23,2014-09-17,"https://www.aozora.gr.jp/cards/000281/card3670.html","000281","戸坂","潤","とさか","じゅん","とさか","しゆん","Tosaka","Jun","著者","1900-09-27","1945-08-09","なし","戸坂潤全集　第四巻","勁草書房","1966（昭和41）年7月20日","1975（昭和50）年9月20日第7刷","","","","","","","","","","","","","矢野正人","小林繁雄","https://www.aozora.gr.jp/cards/000281/files/3670_txt.zip","2001-08-23","ShiftJIS","JIS X 0208","0","https://www.aozora.gr.jp/cards/000281/files/3670.html","2001-08-23","ShiftJIS","JIS X 0208","0"
"001710","思想と風俗","しそうとふうぞく","しそうとふうそく","","","","","NDC 304","新字新仮名","なし",2001-08-23,2014-09-17,"https://www.aozora.gr.jp/cards/000281/card1710.html","000281","戸坂","潤","とさか","じゅん","とさか","しゆん","Tosaka","Jun","著者","1900-09-27","1945-08-09","なし","戸坂潤全集　第四巻","勁草書房","1966（昭和41）年7月20日","1975（昭和50）年9月20日第7刷","","","","","","","","","","","","","矢野正人","小林繁雄","https://www.aozora.gr.jp/cards/000281/files/1710_txt.zip","2001-08-23","ShiftJIS","JIS X 0208","0","https://www.aozora.gr.jp/cards/000281/files/1710.html","2001-08-23","ShiftJIS","JIS X 0208","0"
"042590","ジャン・クリストフ","ジャン・クリストフ","しやんくりすとふ","03 第一巻　曙","03 だいいっかん　あかぼの","JEAN CHRISTOPHE","","NDC 953","新字新仮名","なし",2008-03-03,2014-09-21,"https://www.aozora.gr.jp/cards/001093/card42590.html","000906","豊島","与志雄","とよしま","よしお","とよしま","よしお","Toyoshima","Yoshio","翻訳者","1890-11-27","1955-06-18","なし","ジャン・クリストフ（一）","岩波文庫、岩波書店","1986（昭和61）年6月16日","1986（昭和61）年6月16日改版第1刷","2004（平成16）年4月5日第25刷","","","","","","","","","","","","tatsuki","伊藤時也","https://www.aozora.gr.jp/cards/001093/files/42590_ruby_29004.zip","2008-09-14","ShiftJIS","JIS X 0208","1","https://www.aozora.gr.jp/cards/001093/files/42590_29596.html","2008-09-14","ShiftJIS","JIS X 0208","1"
"042672","霊感","れいかん","れいかん","","","","「中央公論」1952（昭和27）年1月","NDC 913","新字新仮名","なし",2007-02-21,2014-09-21,"https://www.aozora.gr.jp/cards/000906/card42672.html","000906","豊島","与志雄","とよしま","よしお","とよしま","よしお","Toyoshima","Yoshio","著者","1890-11-27","1955-06-18","なし","豊島与志雄著作集　第五巻（小説Ⅴ・戯曲）","未来社","1966（昭和41）年11月15日","1966（昭和41）年11月15日第1刷","1966（昭和41）年11月15日第1刷","","","","","","","","","","","","tatsuki","小林繁雄、門田裕志","https://www.aozora.gr.jp/cards/000906/files/42672_txt_25169.zip","2009-09-17","ShiftJIS","JIS X 0208","1","https://www.aozora.gr.jp/cards/000906/files/42672_25747.html","2009-09-17","ShiftJIS","JIS X 0208","1"
"042601","レ・ミゼラブル","レ・ミゼラブル","れみせらふる","05 第二部　コゼット","05 だいにぶ　コゼット","","","NDC 953","新字新仮名","なし",2007-02-28,2014-09-21,"https://www.aozora.gr.jp/cards/001094/card42601.html","000906","豊島","与志雄","とよしま","よしお","とよしま","よしお","Toyoshima","Yoshio","翻訳者","1890-11-27","1955-06-18","なし","レ・ミゼラブル（一）","岩波書店","1987（昭和62）年4月16日","1987（昭和62）年4月16日","2003（平成15）年5月9日第36刷","","","","レ・ミゼラブル（二）","岩波書店","1987（昭和62）年4月16日","1987（昭和62）年4月16日","","","","","tatsuki","小林繁雄、門田裕志","https://www.aozora.gr.jp/cards/001094/files/42601_ruby_25139.zip","2013-04-21","ShiftJIS","JIS X 0208","1","https://www.aozora.gr.jp/cards/001094/files/42601_25759.html","2013-04-21","ShiftJIS","JIS X 0208","1"
"002609","支那に於ける史の起源","しなにおけるしのきげん","しなにおけるしのきけん","","","","中等学校地理歴史教員協議会講演、1915（大正4）年12月6日","NDC 222","旧字旧仮名","なし",2001-08-30,2014-09-17,"https://www.aozora.gr.jp/cards/000284/card2609.html","000284","内藤","湖南","ないとう","こなん","ないとう","こなん","Naito","Konan","著者","1866-08-26","1934-06-26","なし","内藤湖南全集　第七巻","筑摩書房","1970（昭和45）年2月25日","1976（昭和51）年10月10日第2刷","","研幾小録","弘文堂","1928（昭和3）年4月","","","","","","","","","はまなかひとし","菅野朋子","https://www.aozora.gr.jp/cards/000284/files/2609_ruby_4359.zip","2003-05-25","ShiftJIS","JIS X 0208","2","https://www.aozora.gr.jp/cards/000284/files/2609_4360.html","2003-05-25","ShiftJIS","JIS X 0208","2"
"043727","地方文化運動報告","ちほうぶんかうんどうほうこく","ちほうふんかうんとうほうこく","――尾道市図書館より――","――おのみちしとしょかんより――","","「青年文化」1947（昭和22）年1月","NDC 011","新字新仮名","なし",2005-07-20,2014-09-18,"https://www.aozora.gr.jp/cards/001166/card43727.html","001166","中井","正一","なかい","まさかず","なかい","まさかす","Nakai","Masakazu","著者","1900-02-14","1952-05-18","なし","論理とその実践――組織論から図書館像へ――","てんびん社","1972（昭和47）年11月20日","1976（昭和51）年3月20日第2刷","1972（昭和47）年11月20日第1刷","","","","","","","","","","","","鈴木厚司","宮元淳一","https://www.aozora.gr.jp/cards/001166/files/43727_txt_18698.zip","2005-06-05","ShiftJIS","JIS X 0208","0","https://www.aozora.gr.jp/cards/001166/files/43727_18707.html","2005-06-05","ShiftJIS","JIS X 0208","0"
"003226","大菩薩峠","だいぼさつとうげ","たいほさつとうけ","02 鈴鹿山の巻","02 すずかやまのまき","","「都新聞」1913（大正2）年12月19日～翌年9月3日","NDC 913","新字新仮名","なし",2001-05-09,2014-09-17,"https://www.aozora.gr.jp/cards/000283/card3226.html","000283","中里","介山","なかざと","かいざん","なかさと","かいさん","Nakazato","Kaizan","著者","1885-04-04","1944-04-28","なし","大菩薩峠1","ちくま文庫、筑摩書房","1995（平成7）年12月4日","1996（平成8）年3月10日第5刷","1995（平成7）年12月4日第1刷","大菩薩峠　一","筑摩書房","1976（昭和51）年6月20日初版発行","","","","","","","","","（株）モモ","原田頌子","https://www.aozora.gr.jp/cards/000283/files/3226_ruby_1818.zip","2005-11-09","ShiftJIS","JIS X 0208","4","https://www.aozora.gr.jp/cards/000283/files/3226_15094.html","2005-11-09","ShiftJIS","JIS X 0208","2"
"004343","大菩薩峠","だいぼさつとうげ","たいほさつとうけ","38 農奴の巻","38 のうどのまき","","","NDC 913","新字新仮名","なし",2004-06-04,2014-09-18,"https://www.aozora.gr.jp/cards/000283/card4343.html","000283","中里","介山","なかざと","かいざん","なかさと","かいさん","Nakazato","Kaizan","著者","1885-04-04","1944-04-28","なし","大菩薩峠18","ちくま文庫、筑摩書房","1996（平成8）年8月22日","1996（平成8）年8月22日第1刷","1996（平成8）年8月22日第1刷","大菩薩峠　十一","筑摩書房","1976（昭和51）年6月20日","","","","","","","","","tatsuki","原田頌子","https://www.aozora.gr.jp/cards/000283/files/4343_ruby_14878.zip","2004-02-22","ShiftJIS","JIS X 0208","0","https://www.aozora.gr.jp/cards/000283/files/4343_14892.html","2004-02-22","ShiftJIS","JIS X 0208","0"
"042301","狼疾記","ろうしつき","ろうしつき","","","","「南島譚」1942（昭和17）年11月","NDC 913","新字新仮名","なし",2004-08-25,2014-09-18,"https://www.aozora.gr.jp/cards/000119/card42301.html","000119","中島","敦","なかじま","あつし","なかしま","あつし","Nakajima","Atsushi","著者","1909-05-05","1942-12-04","なし","山月記・李陵　他9篇","岩波文庫、岩波書店","1994（平成6）年7月18日","1994（平成6）年7月18日第1刷"," ","中島敦全集　第一巻","筑摩書房","1976（昭和51）年3月15日","","","","","","","","","川向直樹","浅原庸子","https://www.aozora.gr.jp/cards/000119/files/42301_ruby_16175.zip","2004-08-10","ShiftJIS","JIS X 0208","0","https://www.aozora.gr.jp/cards/000119/files/42301_16282.html","2004-08-10","ShiftJIS","JIS X 0208","0"
"057353","ゴリオ爺さん","ゴリオじいさん","こりおしいさん","","","Le Père Goriot","","NDC 953","新字新仮名","あり",2015-10-07,2015-10-12,"https://www.aozora.gr.jp/cards/001850/card57353.html","001851","中島","英之","なかじま","ひでゆき","なかしま","ひでゆき","Nakajima","Hideyuki","翻訳者","1942","","あり","","","","","","","","","","","","","","","","","中島英之","","https://www.aozora.gr.jp/cards/001850/files/57353_ruby_57269.zip","2015-10-12","ShiftJIS","JIS X 0208","2","https://www.aozora.gr.jp/cards/001850/files/57353_57270.html","2015-10-10","ShiftJIS","JIS X 0208","1"
"001102","創作家の態度","そうさくかのたいど","そうさくかのたいと","","","","","NDC 914","新字新仮名","なし",2000-08-24,2014-09-17,"https://www.aozora.gr.jp/cards/000148/card1102.html","000148","夏目","漱石","なつめ","そうせき","なつめ","そうせき","Natsume","Soseki","著者","1867-02-09","1916-12-09","なし","夏目漱石全集10","ちくま文庫、筑摩書房","1988（昭和63）年7月26日","1988（昭和63）年7月26日第1刷","","筑摩全集類聚版夏目漱石全集","筑摩書房","1971（昭和46）年4月～1972（昭和47）年1月刊行","","","","","","","","","柴田卓治","大野晋","https://www.aozora.gr.jp/cards/000148/files/1102_ruby_4488.zip","2004-02-28","ShiftJIS","JIS X 0208","2","https://www.aozora.gr.jp/cards/000148/files/1102_14956.html","2004-02-28","ShiftJIS","JIS X 0208","0"
"056923","門","もん","もん","","","","「朝日新聞」1910（明治43）年3月1日～6月12日","NDC 913","旧字旧仮名","なし",2019-01-05,2018-12-24,"https://www.aozora.gr.jp/cards/000148/card56923.html","000148","夏目","漱石","なつめ","そうせき","なつめ","そうせき","Natsume","Soseki","著者","1867-02-09","1916-12-09","なし","漱石全集　第四卷　三四郎　それから　門","岩波書店","1966（昭和41）年3月25日","1975（昭和50）年3月10日第2刷","1975（昭和50）年3月10日第2刷","","","","","","","","","","","","阿部哲也","染川隆俊","https://www.aozora.gr.jp/cards/000148/files/56923_ruby_66668.zip","2018-12-24","ShiftJIS","JIS X 0208","0","https://www.aozora.gr.jp/cards/000148/files/56923_66719.html","2018-12-24","ShiftJIS","JIS X 0208","0"
"001758","青い眼の人形","あおいめのにんぎょう","あおいめのにんきよう","","","","","NDC K911","新字新仮名","なし",2002-05-29,2014-09-17,"https://www.aozora.gr.jp/cards/000286/card1758.html","000286","野口","雨情","のぐち","うじょう","のくち","うしよう","Noguchi","Ujo","著者","1882-05-29","1945-01-27","なし","定本　野口雨情　第三巻","未来社","1986（昭和61）年3月25日","1996（平成8）年5月31日初版第2刷","","青い眼の人形","金の星社","1924（大正13）年6月","","","","","","","","","大野晋","林幸雄","https://www.aozora.gr.jp/cards/000286/files/1758_ruby.zip","2002-05-29","ShiftJIS","JIS X 0208","0","https://www.aozora.gr.jp/cards/000286/files/1758_6512.html","2002-08-26","ShiftJIS","JIS X 0208","0"
"000377","国語音韻の変遷","こくごおんいんのへんせん","こくこおんいんのへんせん","","","","","NDC 811","新字新仮名","なし",1999-11-16,2014-09-17,"https://www.aozora.gr.jp/cards/000061/card377.html","000061","橋本","進吉","はしもと","しんきち","はしもと","しんきち","Hashimoto","Shinkichi","著者","1882-12-24","1945-01-30","なし","古代国語の音韻に就いて 他二篇","岩波文庫、岩波書店","1980（昭和55）年6月16日","1985（昭和60）年8月20日第8刷","","橋本進吉博士著作集　第4冊","岩波書店","1950（昭和25）年8月","","","","","","","","","久保あきら、POKEPEEK2011","久保あきら","https://www.aozora.gr.jp/cards/000061/files/377_ruby_2753.zip","2014-05-22","ShiftJIS","JIS X 0208","3","https://www.aozora.gr.jp/cards/000061/files/377_46838.html","2014-05-22","ShiftJIS","JIS X 0208","1"
"048049","釘抜藤吉捕物覚書","くぎぬきとうきちとりものおぼえがき","くきぬきとうきちとりものおほえかき","06 巷説蒲鉾供養","06 こうせつかまぼこくよう","","","NDC 913","新字新仮名","なし",2008-07-21,2014-09-21,"https://www.aozora.gr.jp/cards/000290/card48049.html","000290","林","不忘","はやし","ふぼう","はやし","ふほう","Hayashi","Fubo","著者","1900-01-17","1935-06-29","なし","一人三人全集Ⅰ時代捕物釘抜藤吉捕物覚書","河出書房新社","1970（昭和45）年1月15日","1970（昭和45）年1月15日初版","","","","","","","","","","","","","川山隆","松永正敏","https://www.aozora.gr.jp/cards/000290/files/48049_ruby_31592.zip","2008-05-20","ShiftJIS","JIS X 0208","0","https://www.aozora.gr.jp/cards/000290/files/48049_31612.html","2008-05-20","ShiftJIS","JIS X 0208","0"
"047497","ノンシャラン道中記","ノンシャランどうちゅうき","のんしやらんとうちゆうき","01 八人の小悪魔","01 はちにんのこあくま","","「新青年」1934（昭和9）年1月号","NDC 913","新字新仮名","なし",2009-12-10,2020-09-06,"https://www.aozora.gr.jp/cards/001224/card47497.html","001224","久生","十蘭","ひさお","じゅうらん","ひさお","しゆうらん","Hisao","Juran","著者","1902-04-06","1957-10-06","なし","久生十蘭全集　Ⅵ","三一書房","1970（昭和45）年4月30日","1974（昭和49）年6月30日第1版第2刷","1974（昭和49）年6月30日第1版第2刷","","","","","","","","","","","","tatsuki","伊藤時也","https://www.aozora.gr.jp/cards/001224/files/47497_ruby_36851.zip","2009-10-26","ShiftJIS","JIS X 0208","0","https://www.aozora.gr.jp/cards/001224/files/47497_37027.html","2009-10-26","ShiftJIS","JIS X 0208","0"
"047501","ノンシャラン道中記","ノンシャランどうちゅうき","のんしやらんとうちゆうき","05 タラノ音頭　――コルシカ島の巻――","05 タラノおんど　――コルシカとうのまき――","","「新青年」1934（昭和9）年5月号","NDC 913","新字新仮名","なし",2009-12-21,2020-09-06,"https://www.aozora.gr.jp/cards/001224/card47501.html","001224","久生","十蘭","ひさお","じゅうらん","ひさお","しゆうらん","Hisao","Juran","著者","1902-04-06","1957-10-06","なし","久生十蘭全集　Ⅵ","三一書房","1970（昭和45）年4月30日","1974（昭和49）年6月30日第1版第2刷","1974（昭和49）年6月30日第1版第2刷","","","","","","","","","","","","tatsuki","伊藤時也","https://www.aozora.gr.jp/cards/001224/files/47501_ruby_36855.zip","2009-10-26","ShiftJIS","JIS X 0208","0","https://www.aozora.gr.jp/cards/001224/files/47501_37031.html","2009-10-26","ShiftJIS","JIS X 0208","0"
"047502","ノンシャラン道中記","ノンシャランどうちゅうき","のんしやらんとうちゆうき","06 乱視の奈翁　――アルル牛角力の巻――","06 らんしのなおう　――アルルうしずもうのまき――","","「新青年」1934（昭和9）年6月号","NDC 913","新字新仮名","なし",2009-12-21,2020-09-06,"https://www.aozora.gr.jp/cards/001224/card47502.html","001224","久生","十蘭","ひさお","じゅうらん","ひさお","しゆうらん","Hisao","Juran","著者","1902-04-06","1957-10-06","なし","久生十蘭全集　Ⅵ","三一書房","1970（昭和45）年4月30日","1974（昭和49）年6月30日第1版第2刷","1974（昭和49）年6月30日第1版第2刷","","","","","","","","","","","","tatsuki","伊藤時也","https://www.aozora.gr.jp/cards/001224/files/47502_ruby_36856.zip","2009-10-26","ShiftJIS","JIS X 0208","0","https://www.aozora.gr.jp/cards/001224/files/47502_37032.html","2009-10-26","ShiftJIS","JIS X 0208","0"
"043615","鷲の巣","わしのす","わしのす","","","","","NDC 949","旧字旧仮名","なし",2008-04-19,2014-09-21,"https://www.aozora.gr.jp/cards/001158/card43615.html","001158","ビョルンソン","ビョルンステェルネ","ビョルンソン","ビョルンステェルネ","ひよるんそん","ひよるんすてえるね","Bjornson","Bjornstjerne","著者","1832-12-08","1910-04-26","なし","北歐近代短篇集","白水社","1939（昭和14）年6月30日","1939（昭和14）年6月30日","1939（昭和14）年6月30日","","","","","","","","","","","","鈴木厚司","土屋隆","https://www.aozora.gr.jp/cards/001158/files/43615_ruby_29587.zip","2008-03-21","ShiftJIS","JIS X 0208","0","https://www.aozora.gr.jp/cards/001158/files/43615_30594.html","2008-03-21","ShiftJIS","JIS X 0208","0"
"045664","旧藩情","きゅうはんじょう","きゆうはんしよう","","","","","NDC 121 210","新字新仮名","なし",2006-12-05,2014-09-18,"https://www.aozora.gr.jp/cards/000296/card45664.html","000296","福沢","諭吉","ふくざわ","ゆきち","ふくさわ","ゆきち","Fukuzawa","Yukichi","著者","1835-01-10","1901-02-03","なし","明治十年丁丑公論・瘠我慢の説","講談社学術文庫、講談社","1985（昭和60）年3月10日","1998（平成10）年2月20日第10刷","1993（平成5）年6月17日第6刷","","","","","","","","","","","","kazuishi","田中哲郎","https://www.aozora.gr.jp/cards/000296/files/45664_ruby_24519.zip","2006-11-07","ShiftJIS","JIS X 0208","0","https://www.aozora.gr.jp/cards/000296/files/45664_24680.html","2006-11-07","ShiftJIS","JIS X 0208","0"
"048377","太陽の子","たいようのこ","たいようのこ","","","","「太陽の子」1914（大正3）年4月","NDC 911","旧字旧仮名","なし",2008-09-13,2014-09-21,"https://www.aozora.gr.jp/cards/000754/card48377.html","000754","福士","幸次郎","ふくし","こうじろう","ふくし","こうしろう","Fukushi","Kojiro","著者","1889-11-05","1946-10-11","なし","日本現代文學全集　54　千家元麿・山村暮鳥・佐藤惣之助・福士幸次郎・堀口大學集","講談社","1966（昭和41）年8月19日","1980（昭和55）年5月26日増補改訂版第1刷","1966（昭和41）年8月19日","","","","","","","","","","","","川山隆","土屋隆","https://www.aozora.gr.jp/cards/000754/files/48377_ruby_32497.zip","2008-08-26","ShiftJIS","JIS X 0208","0","https://www.aozora.gr.jp/cards/000754/files/48377_32498.html","2008-08-26","ShiftJIS","JIS X 0208","0"
"048379","展望","てんぼう","てんほう","","","","「展望」1920（大正9）年6月","NDC 911","旧字旧仮名","なし",2008-09-13,2014-09-21,"https://www.aozora.gr.jp/cards/000754/card48379.html","000754","福士","幸次郎","ふくし","こうじろう","ふくし","こうしろう","Fukushi","Kojiro","著者","1889-11-05","1946-10-11","なし","日本現代文學全集　54　千家元麿・山村暮鳥・佐藤惣之助・福士幸次郎・堀口大學集","講談社","1966（昭和41）年8月19日","1980（昭和55）年5月26日増補改訂版第1刷","1966（昭和41）年8月19日","","","","","","","","","","","","川山隆","土屋隆","https://www.aozora.gr.jp/cards/000754/files/48379_ruby_32499.zip","2008-08-15","ShiftJIS","JIS X 0208","0","https://www.aozora.gr.jp/cards/000754/files/48379_32500.html","2008-08-15","ShiftJIS","JIS X 0208","0"
"052689","古川ロッパ昭和日記","ふるかわロッパしょうわにっき","ふるかわろつはしようわにつき","01 昭和九年","01 しょうわくねん","","","NDC 775","新字旧仮名","なし",2012-01-22,2014-09-16,"https://www.aozora.gr.jp/cards/001558/card52689.html","001558","古川","緑波","ふるかわ","ろっぱ","ふるかわ","ろつは","Furukawa","Roppa","著者","1903-08-13","1961-01-16","なし","古川ロッパ昭和日記〈戦前篇〉　新装版","晶文社","2007（平成19）年2月10日","2007（平成19）年2月10日初版","2007（平成19）年2月10日初版","","","","","","","","","","","","門田裕志","仙酔ゑびす","https://www.aozora.gr.jp/cards/001558/files/52689_ruby_46548.zip","2012-01-01","ShiftJIS","JIS X 0208","0","https://www.aozora.gr.jp/cards/001558/files/52689_46623.html","2012-01-01","ShiftJIS","JIS X 0208","0"
"001872","法窓夜話","ほうそうやわ","ほうそうやわ","02 法窓夜話","02 ほうそうやわ","","","NDC 320","新字新仮名","なし",2001-08-20,2014-09-17,"https://www.aozora.gr.jp/cards/000301/card1872.html","000301","穂積","陳重","ほづみ","のぶしげ","ほつみ","のふしけ","Hozumi","Nobushige","著者","1855-08-23","1926-04-07","なし","法窓夜話","岩波文庫、岩波書店","1980（昭和55）年1月16日","1999（平成11）年9月16日第14刷","1999（平成11）年9月16日第14刷","法窓夜話","有斐閣","1926（大正15）年1月25日発行第8刷","","","","","","","","","高橋真也","伊藤時也","https://www.aozora.gr.jp/cards/000301/files/1872_ruby_3491.zip","2014-07-25","ShiftJIS","JIS X 0208","4","https://www.aozora.gr.jp/cards/000301/files/1872_53638.html","2014-07-25","ShiftJIS","JIS X 0208","4"
"004812","美しい村","うつくしいむら","うつくしいむら","","","","序曲「大阪朝日新聞」（「山からの手紙」の表題で。）1933（昭和8）年6月25日、美しい村「改造」1933（昭和8）年10月号、夏「文藝春秋」1933（昭和8）年10月号、暗い道「週刊朝日　第25巻第13号」1934（昭和9）年3月18日号","NDC 913","新字新仮名","なし",2004-02-17,2014-09-18,"https://www.aozora.gr.jp/cards/001030/card4812.html","001030","堀","辰雄","ほり","たつお","ほり","たつお","Hori","Tatsuo","著者","1904-12-28","1953-05-28","なし","風立ちぬ・美しい村","新潮文庫、新潮社","1951（昭和26）年1月25日、1987（昭和62）年5月20日89刷改版","1987（昭和62）年9月10日90刷","","","","","","","","","","","","","kompass","染川隆俊","https://www.aozora.gr.jp/cards/001030/files/4812_ruby_14825.zip","2014-08-05","ShiftJIS","JIS X 0208","4","https://www.aozora.gr.jp/cards/001030/files/4812_14384.html","2014-08-05","ShiftJIS","JIS X 0208","4"
"004806","大和路・信濃路","やまとじ・しなのじ","やまとししなのし","","","","","NDC 915","新字新仮名","なし",2004-03-23,2014-09-18,"https://www.aozora.gr.jp/cards/001030/card4806.html","001030","堀","辰雄","ほり","たつお","ほり","たつお","Hori","Tatsuo","著者","1904-12-28","1953-05-28","なし","昭和文学全集　第6巻","小学館","1988（昭和63）年6月1日","1988（昭和63）年6月1日初版第1刷","1988（昭和63）年6月1日初版第1刷","","","","","","","","","","","","kompass","松永正敏","https://www.aozora.gr.jp/cards/001030/files/4806_ruby_14471.zip","2010-11-02","ShiftJIS","JIS X 0208","3","https://www.aozora.gr.jp/cards/001030/files/4806_14952.html","2010-11-02","ShiftJIS","JIS X 0208","4"
"044724","夜汽車","よぎしゃ","よきしや","","","","「探偵文藝」1925（大正14）年5月号","NDC 913","新字新仮名","なし",2005-08-19,2014-09-18,"https://www.aozora.gr.jp/cards/000304/card44724.html","000304","牧","逸馬","まき","いつま","まき","いつま","Maki","Itsuma","著者","1900-01-17","1935-06-29","なし","「探偵文藝」傑作選　幻の探偵雑誌5","光文社文庫、光文社","2001（平成13）年2月20日","2001（平成13）年2月20日初版1刷","2001（平成13）年2月20日初版1刷","","","","","","","","","","","","網迫、土屋隆","noriko saito","https://www.aozora.gr.jp/cards/000304/files/44724_ruby_18796.zip","2005-06-26","ShiftJIS","JIS X 0208","0","https://www.aozora.gr.jp/cards/000304/files/44724_18861.html","2005-06-26","ShiftJIS","JIS X 0208","0"
"046820","植物一日一題","しょくぶついちにちいちだい","しよくふついちにちいちたい","","","","","NDC 470","新字新仮名","なし",2008-01-08,2014-09-21,"https://www.aozora.gr.jp/cards/001266/card46820.html","001266","牧野","富太郎","まきの","とみたろう","まきの","とみたろう","Makino","Tomitaro","著者","1862-05-22","1957-01-18","なし","植物一日一題","博品社","1998（平成10）年4月25日","1998（平成10）年4月25日第1刷","","随筆　植物一日一題","東洋書館","1953（昭和28）年3月","","","","","","","","","川山隆","松永正敏","https://www.aozora.gr.jp/cards/001266/files/46820_ruby_29304.zip","2012-05-10","ShiftJIS","JIS X 0208","1","https://www.aozora.gr.jp/cards/001266/files/46820_29303.html","2012-05-10","ShiftJIS","JIS X 0208","1"
"047601","小説　円朝","しょうせつ　えんちょう","しようせつえんちよう","","","","","NDC 913","新字新仮名","なし",2009-01-24,2014-09-21,"https://www.aozora.gr.jp/cards/001313/card47601.html","001313","正岡","容","まさおか","いるる","まさおか","いるる","Masaoka","Iruru","著者","1904-12-20","1958-12-07","なし","小説　圓朝","河出文庫、河出書房新社","2005（平成17）年7月20日","2005（平成17）年7月20日初版","2005（平成17）年7月20日初版","小説　圓朝","三杏書院","1943（昭和18）年4月刊","","","","","","","","","門田裕志","仙酔ゑびす","https://www.aozora.gr.jp/cards/001313/files/47601_ruby_34114.zip","2009-01-07","ShiftJIS","JIS X 0208","0","https://www.aozora.gr.jp/cards/001313/files/47601_34115.html","2009-01-07","ShiftJIS","JIS X 0208","0"
"042171","すゞし","すずし","すすし","","","","","NDC 914 911","新字旧仮名","なし",2004-07-29,2014-09-18,"https://www.aozora.gr.jp/cards/000305/card42171.html","000305","正岡","子規","まさおか","しき","まさおか","しき","Masaoka","Shiki","著者","1867-10-14","1902-09-19","なし","日本の名随筆37　風","作品社","1985（昭和60）年11月25日","1997（平成9）年2月20日第13刷","1985（昭和60）年11月25日第1刷","子規全集　第一二巻","講談社","1975（昭和50）年10月","","","","","","","","","門田裕志","土屋隆","https://www.aozora.gr.jp/cards/000305/files/42171_ruby_15890.zip","2004-06-29","ShiftJIS","JIS X 0208","0","https://www.aozora.gr.jp/cards/000305/files/42171_15959.html","2004-06-29","ShiftJIS","JIS X 0208","0"
"046589","日蔭の街","ひかげのまち","ひかけのまち","","","","「探偵文藝　第二巻第一、二、四号」奎運社、1926（大正15）年1、2、4月","NDC 913","新字新仮名","なし",2007-02-01,2014-09-21,"https://www.aozora.gr.jp/cards/000308/card46589.html","000308","松本","泰","まつもと","たい","まつもと","たい","Matsumoto","Tai","著者","1887-02-22","1939-04-19","なし","幻の探偵雑誌5　「探偵文藝」傑作選","光文社文庫、光文社","2001（平成13）年2月20日","2001（平成13）年2月20日初版1刷","2001（平成13）年2月20日初版1刷","","","","","","","","","","","","川山隆","土屋隆","https://www.aozora.gr.jp/cards/000308/files/46589_ruby_24941.zip","2006-12-31","ShiftJIS","JIS X 0208","0","https://www.aozora.gr.jp/cards/000308/files/46589_25539.html","2006-12-31","ShiftJIS","JIS X 0208","0"
"001927","注文の多い料理店","ちゅうもんのおおいりょうりてん","ちゆうもんのおおいりようりてん","","","","「イーハトヴ童話　注文の多い料理店」盛岡市杜陵出版部・東京光原社、1924（大正13）年12月1日","NDC K913","新字旧仮名","なし",2005-03-28,2014-09-18,"https://www.aozora.gr.jp/cards/000081/card1927.html","000081","宮沢","賢治","みやざわ","けんじ","みやさわ","けんし","Miyazawa","Kenji","著者","1896-08-27","1933-09-21","なし","宮沢賢治全集8","ちくま文庫、筑摩書房","1986（昭和61）年1月28日","2004（平成16）年4月25日第20刷","2004（平成16）年4月25日第20刷","","","","","","","","","","","","土屋隆","noriko saito","https://www.aozora.gr.jp/cards/000081/files/1927_ruby_17835.zip","2005-02-21","ShiftJIS","JIS X 0208","0","https://www.aozora.gr.jp/cards/000081/files/1927_17906.html","2005-02-21","ShiftJIS","JIS X 0208","0"
"043754","注文の多い料理店","ちゅうもんのおおいりょうりてん","ちゆうもんのおおいりようりてん","","","","「イーハトヴ童話　注文の多い料理店」盛岡市杜陵出版部・東京光原社、1924（大正13）年12月1日","NDC K913","新字新仮名","なし",2005-02-26,2014-09-18,"https://www.aozora.gr.jp/cards/000081/card43754.html","000081","宮沢","賢治","みやざわ","けんじ","みやさわ","けんし","Miyazawa","Kenji","著者","1896-08-27","1933-09-21","なし","注文の多い料理店","新潮文庫、新潮社","1990（平成2）年5月25日","1997（平成9）年5月10日17刷","2004（平成16）年5月20日第29刷","","","","","","","","","","","","土屋隆","noriko saito","https://www.aozora.gr.jp/cards/000081/files/43754_ruby_17594.zip","2005-01-26","ShiftJIS","JIS X 0208","0","https://www.aozora.gr.jp/cards/000081/files/43754_17659.html","2005-01-26","ShiftJIS","JIS X 0208","0"
"045631","農民芸術の興隆","のうみんげいじゅつのこうりゅう","のうみんけいしゆつのこうりゆう","","","","","NDC 911","新字旧仮名","なし",2006-09-19,2014-09-18,"https://www.aozora.gr.jp/cards/000081/card45631.html","000081","宮沢","賢治","みやざわ","けんじ","みやさわ","けんし","Miyazawa","Kenji","著者","1896-08-27","1933-09-21","なし","【新】校本宮澤賢治全集　第十三巻（上）覚書・手帳　本文篇","筑摩書房","1997（平成9）年7月30日","1997（平成9）年7月30日初版第1刷","1997（平成9）年7月30日初版第1刷","","","","","","","","","","","","田中敬三","土屋隆","https://www.aozora.gr.jp/cards/000081/files/45631_txt_23615.zip","2006-07-26","ShiftJIS","JIS X 0208","0","https://www.aozora.gr.jp/cards/000081/files/45631_23910.html","2006-07-26","ShiftJIS","JIS X 0208","0"
"001935","ポラーノの広場","ポラーノのひろば","ほらあののひろは","","","","","NDC K913","新字新仮名","なし",2002-01-04,2014-09-17,"https://www.aozora.gr.jp/cards/000081/card1935.html","000081","宮沢","賢治","みやざわ","けんじ","みやさわ","けんし","Miyazawa","Kenji","著者","1896-08-27","1933-09-21","なし","銀河鉄道の夜・風の又三郎・ポラーノの広場　ほか３編","講談社文庫、講談社","1971（昭和46）年7月1日","1979（昭和54）年8月15日第16刷","1979（昭和54）年8月15日第16刷","","","","","","","","","","","","白川由紀子","須藤","https://www.aozora.gr.jp/cards/000081/files/1935_ruby_19924.zip","2005-10-18","ShiftJIS","JIS X 0208","1","https://www.aozora.gr.jp/cards/000081/files/1935_19925.html","2005-10-18","ShiftJIS","JIS X 0208","0"
"004212","工場労働者の生活について","こうじょうろうどうしゃのせいかつについて","こうしようろうとうしやのせいかつについて","","","","「多喜二と百合子　第四号」多喜二・百合子研究会、1954（昭和29）年6月","NDC 366","新字新仮名","なし",2004-05-09,2014-09-18,"https://www.aozora.gr.jp/cards/000311/card4212.html","000311","宮本","百合子","みやもと","ゆりこ","みやもと","ゆりこ","Miyamoto","Yuriko","著者","1899-02-13","1951-01-21","なし","宮本百合子全集　第十八巻","新日本出版社","1981（昭和56）年5月30日","1986（昭和61）年3月20日第2版第1刷","","","","","","","","","","","","","柴田卓治","磐余彦","https://www.aozora.gr.jp/cards/000311/files/4212_txt_14690.zip","2004-02-16","ShiftJIS","JIS X 0208","0","https://www.aozora.gr.jp/cards/000311/files/4212_14791.html","2004-02-16","ShiftJIS","JIS X 0208","0"
"033194","獄中への手紙","ごくちゅうへのてがみ","こくちゆうへのてかみ","12 一九四五年（昭和二十年）","12 せんきゅうひゃくよんじゅうごねん（しょうわにじゅうねん）","","","NDC 915","新字新仮名","なし",2005-08-15,2014-09-18,"https://www.aozora.gr.jp/cards/000311/card33194.html","000311","宮本","百合子","みやもと","ゆりこ","みやもと","ゆりこ","Miyamoto","Yuriko","著者","1899-02-13","1951-01-21","なし","宮本百合子全集　第二十二巻","新日本出版社","1981（昭和56）年1月20日","1986（昭和61）年3月20日第4刷","","","","","","","","","","","","","柴田卓治","花田泰治郎","https://www.aozora.gr.jp/cards/000311/files/33194_ruby_18160.zip","2005-03-20","ShiftJIS","JIS X 0208","0","https://www.aozora.gr.jp/cards/000311/files/33194_18161.html","2005-03-20","ShiftJIS","JIS X 0208","0"
"002023","猿","さる","さる","","","","「サンデー毎日」1922（大正11）年7月10日号","NDC 912","新字新仮名","なし",2002-01-07,2014-09-17,"https://www.aozora.gr.jp/cards/000311/card2023.html","000311","宮本","百合子","みやもと","ゆりこ","みやもと","ゆりこ","Miyamoto","Yuriko","著者","1899-02-13","1951-01-21","なし","宮本百合子全集　第二巻","新日本出版社","1979（昭和54）年6月20日","1986（昭和61）年3月20日第5刷","","宮本百合子全集　第二巻","河出書房","1953（昭和28）年1月","","","","","","","","","柴田卓治","松永正敏","https://www.aozora.gr.jp/cards/000311/files/2023_ruby.zip","2002-01-07","ShiftJIS","JIS X 0208","0","https://www.aozora.gr.jp/cards/000311/files/2023.html","2002-01-07","ShiftJIS","JIS X 0208","0"
"002726","スモーリヌイに翻る赤旗","スモーリヌイにひるがえるあかはた","すもおりぬいにひるかえるあかはた","","","","「大阪毎日新聞」1931（昭和6）年1月5日～21日号（15日号、19日号を除く）","NDC 915","新字新仮名","なし",2002-11-12,2014-09-17,"https://www.aozora.gr.jp/cards/000311/card2726.html","000311","宮本","百合子","みやもと","ゆりこ","みやもと","ゆりこ","Miyamoto","Yuriko","著者","1899-02-13","1951-01-21","なし","宮本百合子全集　第九巻","新日本出版社","1980（昭和55）年9月20日","1986（昭和61）年3月20日第4刷","","宮本百合子全集　第六巻","河出書房","1952（昭和27）年12月","","","","","","","","","柴田卓治","米田進","https://www.aozora.gr.jp/cards/000311/files/2726_ruby_7408.zip","2002-10-29","ShiftJIS","JIS X 0208","0","https://www.aozora.gr.jp/cards/000311/files/2726_7409.html","2002-10-29","ShiftJIS","JIS X 0208","0"
"004191","一九二三年冬","せんきゅうひゃくにじゅうさんねんふゆ","せんきゆうひやくにしゆうさんねんふゆ","","","","「宮本百合子全集　第十八巻」新日本出版社、1981（昭和56）年5月30日","NDC 916","新字新仮名","なし",2004-05-04,2014-09-18,"https://www.aozora.gr.jp/cards/000311/card4191.html","000311","宮本","百合子","みやもと","ゆりこ","みやもと","ゆりこ","Miyamoto","Yuriko","著者","1899-02-13","1951-01-21","なし","宮本百合子全集　第十八巻","新日本出版社","1981（昭和56）年5月30日","1986（昭和61）年3月20日第2版第1刷","","","","","","","","","","","","","柴田卓治","磐余彦","https://www.aozora.gr.jp/cards/000311/files/4191_ruby_14676.zip","2004-02-16","ShiftJIS","JIS X 0208","0","https://www.aozora.gr.jp/cards/000311/files/4191_14777.html","2004-02-16","ShiftJIS","JIS X 0208","0"
"002733","ソヴェトの芝居","ソヴェトのしばい","そうえとのしはい","","","","「改造」1931（昭和6）年3、4月号","NDC 915","新字新仮名","なし",2002-11-17,2014-09-17,"https://www.aozora.gr.jp/cards/000311/card2733.html","000311","宮本","百合子","みやもと","ゆりこ","みやもと","ゆりこ","Miyamoto","Yuriko","著者","1899-02-13","1951-01-21","なし","宮本百合子全集　第九巻","新日本出版社","1980（昭和55）年9月20日","1986（昭和61）年3月20日第4刷","","宮本百合子全集　第六巻","河出書房","1952（昭和27）年12月","","","","","","","","","柴田卓治","米田進","https://www.aozora.gr.jp/cards/000311/files/2733_ruby_7412.zip","2002-10-29","ShiftJIS","JIS X 0208","0","https://www.aozora.gr.jp/cards/000311/files/2733_7413.html","2002-10-29","ShiftJIS","JIS X 0208","0"
"004213","「乳房」創作メモ","「ちぶさ」そうさくメモ","ちふさそうさくめも","","","","「宮本百合子全集　第十八巻」新日本出版社、1981（昭和56）年5月30日","NDC 914","新字新仮名","なし",2004-05-13,2014-09-18,"https://www.aozora.gr.jp/cards/000311/card4213.html","000311","宮本","百合子","みやもと","ゆりこ","みやもと","ゆりこ","Miyamoto","Yuriko","著者","1899-02-13","1951-01-21","なし","宮本百合子全集　第十八巻","新日本出版社","1981（昭和56）年5月30日","1986（昭和61）年3月20日第2版第1刷","","","","","","","","","","","","","柴田卓治","磐余彦","https://www.aozora.gr.jp/cards/000311/files/4213_ruby_14691.zip","2004-02-16","ShiftJIS","JIS X 0208","0","https://www.aozora.gr.jp/cards/000311/files/4213_14792.html","2004-02-16","ShiftJIS","JIS X 0208","0"
"046235","日記","にっき","につき","02 一九一四年（大正三年）","02 せんきゅうひゃくじゅうよねん（たいしょうさんねん）","","","NDC 915","新字新仮名","なし",2010-04-17,2014-09-21,"https://www.aozora.gr.jp/cards/000311/card46235.html","000311","宮本","百合子","みやもと","ゆりこ","みやもと","ゆりこ","Miyamoto","Yuriko","著者","1899-02-13","1951-01-21","なし","宮本百合子全集　第二十三巻","新日本出版社","1979（昭和54）年5月20日","1986（昭和61）年3月20日第5刷","1982（昭和57）年4月15日第4刷","","","","","","","","","","","","柴田卓治","土屋隆","https://www.aozora.gr.jp/cards/000311/files/46235_ruby_37805.zip","2012-11-25","ShiftJIS","JIS X 0208","3","https://www.aozora.gr.jp/cards/000311/files/46235_38567.html","2012-11-25","ShiftJIS","JIS X 0208","3"
"004199","「伸子」創作メモ（二）","「のぶこ」そうさくメモ（に）","のふこそうさくめもに","","","","「宮本百合子全集　第十八巻」新日本出版社、1981（昭和56）年5月30日","NDC 914","新字新仮名","なし",2004-05-04,2014-09-18,"https://www.aozora.gr.jp/cards/000311/card4199.html","000311","宮本","百合子","みやもと","ゆりこ","みやもと","ゆりこ","Miyamoto","Yuriko","著者","1899-02-13","1951-01-21","なし","宮本百合子全集　第十八巻","新日本出版社","1981（昭和56）年5月30日","1986（昭和61）年3月20日第2版第1刷","","","","","","","","","","","","","柴田卓治","磐余彦","https://www.aozora.gr.jp/cards/000311/files/4199_ruby_14680.zip","2004-02-16","ShiftJIS","JIS X 0208","0","https://www.aozora.gr.jp/cards/000311/files/4199_14781.html","2004-02-16","ShiftJIS","JIS X 0208","0"
"002025","貧しき人々の群","まずしきひとびとのむれ","ますしきひとひとのむれ","","","","「中央公論」1916（大正5）年9月号","NDC 913","新字新仮名","なし",2002-01-01,2014-09-17,"https://www.aozora.gr.jp/cards/000311/card2025.html","000311","宮本","百合子","みやもと","ゆりこ","みやもと","ゆりこ","Miyamoto","Yuriko","著者","1899-02-13","1951-01-21","なし","宮本百合子全集　第一巻","新日本出版社","1979（昭和54）年4月20日","1986（昭和61）年3月20日第5刷","1979（昭和54）年4月20日初版","宮本百合子全集　第一巻","河出書房","1951（昭和26）年6月","","","","","","","","","柴田卓治","松永正敏","https://www.aozora.gr.jp/cards/000311/files/2025_ruby_5833.zip","2003-06-29","ShiftJIS","JIS X 0208","3","https://www.aozora.gr.jp/cards/000311/files/2025_5834.html","2003-06-29","ShiftJIS","JIS X 0208","1"
"003434","モラトリアム質疑","モラトリアムしつぎ","もらとりあむしつき","","","","「アカハタ」1946（昭和21）年2月23日号","NDC 332 338","新字新仮名","なし",2003-10-18,2014-09-18,"https://www.aozora.gr.jp/cards/000311/card3434.html","000311","宮本","百合子","みやもと","ゆりこ","みやもと","ゆりこ","Miyamoto","Yuriko","著者","1899-02-13","1951-01-21","なし","宮本百合子全集　第十六巻","新日本出版社","1980（昭和55）年6月20日","1986（昭和61）年3月20日第4刷","","宮本百合子全集　第十二巻","河出書房","1952（昭和27）年1月","","","","","","","","","柴田卓治","磐余彦","https://www.aozora.gr.jp/cards/000311/files/3434_txt_12307.zip","2003-09-14","ShiftJIS","JIS X 0208","0","https://www.aozora.gr.jp/cards/000311/files/3434_12340.html","2003-09-14","ShiftJIS","JIS X 0208","0"
"002018","宵（一幕）","よい（ひとまく）","よいひとまく","","","","「女性日本人」1921（大正10）年9月号","NDC 912","新字新仮名","なし",2002-01-08,2014-09-17,"https://www.aozora.gr.jp/cards/000311/card2018.html","000311","宮本","百合子","みやもと","ゆりこ","みやもと","ゆりこ","Miyamoto","Yuriko","著者","1899-02-13","1951-01-21","なし","宮本百合子全集　第二巻","新日本出版社","1979（昭和54）年6月20日","1986（昭和61）年3月20日第5刷","","宮本百合子全集　第二巻","河出書房","1953（昭和28）年1月","","","","","","","","","柴田卓治","松永正敏","https://www.aozora.gr.jp/cards/000311/files/2018_ruby_5907.zip","2003-06-29","ShiftJIS","JIS X 0208","2","https://www.aozora.gr.jp/cards/000311/files/2018_5908.html","2003-06-29","ShiftJIS","JIS X 0208","2"
"003169","「ラジオ黄金時代」の底潮","「ラジオおうごんじだい」のていちょう","らしおおうこんしたいのていちよう","","","","「唯物論研究」1937（昭和12）年8月号","NDC 699","新字新仮名","なし",2003-08-02,2014-09-17,"https://www.aozora.gr.jp/cards/000311/card3169.html","000311","宮本","百合子","みやもと","ゆりこ","みやもと","ゆりこ","Miyamoto","Yuriko","著者","1899-02-13","1951-01-21","なし","宮本百合子全集　第十四巻","新日本出版社","1979（昭和54）年7月20日","1986（昭和61）年3月20日第5刷","","宮本百合子全集　第九巻","河出書房","1952（昭和27）年8月","","","","","","","","","柴田卓治","米田進","https://www.aozora.gr.jp/cards/000311/files/3169_ruby_10822.zip","2003-06-04","ShiftJIS","JIS X 0208","0","https://www.aozora.gr.jp/cards/000311/files/3169_10821.html","2003-06-03","ShiftJIS","JIS X 0208","0"
"002643","ロンドン一九二九年","ロンドンせんきゅうひゃくにじゅうくねん","ろんとんせんきゆうひやくにしゆうくねん","","","","「改造」1930（昭和5）年6月号","NDC 915","新字新仮名","なし",2002-11-08,2014-09-17,"https://www.aozora.gr.jp/cards/000311/card2643.html","000311","宮本","百合子","みやもと","ゆりこ","みやもと","ゆりこ","Miyamoto","Yuriko","著者","1899-02-13","1951-01-21","なし","宮本百合子全集　第九巻","新日本出版社","1980（昭和55）年9月20日","1986（昭和61）年3月20日第4刷","","宮本百合子全集　第六巻","河出書房","1952（昭和27）年12月","","","","","","","","","柴田卓治","米田進","https://www.aozora.gr.jp/cards/000311/files/2643_ruby_7376.zip","2003-01-13","ShiftJIS","JIS X 0208","0","https://www.aozora.gr.jp/cards/000311/files/2643_7377.html","2002-10-29","ShiftJIS","JIS X 0208","0"
"059821","〈我が愛する詩人の伝記〉（補遺）","〈わがあいするしじんのでんき〉（ほい）","わかあいするししんのてんきほい","","","","「婦人公論　第四十三巻第五号」1958（昭和33）年5月号","","新字新仮名","なし",2022-12-03,2022-11-26,"https://www.aozora.gr.jp/cards/001579/card59821.html","001579","室生","犀星","むろう","さいせい","むろう","さいせい","Murou","Saisei","著者","1889-08-01","1962-03-26","なし","室生犀星全集　別卷二","新潮社","1968（昭和43）年1月30日","1968（昭和43）年1月30日","1976（昭和51）年8月30日セット版","婦人公論　第四十三巻第五号","　","1958（昭和33）年5月号","","","","","","","","","きりんの手紙","hitsuji","https://www.aozora.gr.jp/cards/001579/files/59821_ruby_76717.zip","2022-11-26","ShiftJIS","JIS X 0208","0","https://www.aozora.gr.jp/cards/001579/files/59821_76753.html","2022-11-26","ShiftJIS","JIS X 0208","0"
"058947","屍体異変","したいいへん","したいいへん","","","","","NDC 490","新字新仮名","なし",2018-09-13,2018-08-28,"https://www.aozora.gr.jp/cards/001977/card58947.html","001977","森","於菟","もり","おと","もり","おと","Mori","Otto","著者","1890-09-13","1967-12-21","なし","世界教養全集　別巻1　日本随筆・随想集","平凡社","1962（昭和37）年11月20日","1964（昭和39）年5月4日4版","1962（昭和37）年11月20日初版","","","","","","","","","","","","sogo","きゅうり","https://www.aozora.gr.jp/cards/001977/files/58947_txt_65776.zip","2018-08-28","ShiftJIS","JIS X 0208","0","https://www.aozora.gr.jp/cards/001977/files/58947_65747.html","2018-08-28","ShiftJIS","JIS X 0208","0"
"002124","白くれない","しろくれない","しろくれない","","","","","NDC 913","新字新仮名","なし",2001-04-11,2014-09-17,"https://www.aozora.gr.jp/cards/000096/card2124.html","000096","夢野","久作","ゆめの","きゅうさく","ゆめの","きゆうさく","Yumeno","Kyusaku","著者","1889-01-04","1936-03-11","なし","夢野久作全集10","ちくま文庫、筑摩書房","1992（平成4）年10月22日","","","","","","","","","","","","","","柴田卓治","ちはる","https://www.aozora.gr.jp/cards/000096/files/2124_ruby_21859.zip","2006-02-24","ShiftJIS","JIS X 0208","1","https://www.aozora.gr.jp/cards/000096/files/2124_21860.html","2006-02-24","ShiftJIS","JIS X 0208","0"
"001115","山羊髯編輯長","やぎひげへんしゅうちょう","やきひけへんしゆうちよう","","","","","NDC 913","新字新仮名","なし",2000-09-09,2014-09-17,"https://www.aozora.gr.jp/cards/000096/card1115.html","000096","夢野","久作","ゆめの","きゅうさく","ゆめの","きゆうさく","Yumeno","Kyusaku","著者","1889-01-04","1936-03-11","なし","夢野久作全集4","ちくま文庫、筑摩書房","1992（平成4）年9月24日","","1992（平成4）年9月24日第1刷","","","","","","","","","","","","柴田卓治","かとうかおり","https://www.aozora.gr.jp/cards/000096/files/1115_ruby.zip","2000-09-09","ShiftJIS","JIS X 0208","0","https://www.aozora.gr.jp/cards/000096/files/1115.html","2000-09-09","ShiftJIS","JIS X 0208","0"
"002557","晶子詩篇全集","あきこしへんぜんしゅう","あきこしへんせんしゆう","","","","","NDC 911","新字旧仮名","なし",2004-07-25,2014-09-18,"https://www.aozora.gr.jp/cards/000885/card2557.html","000885","与謝野","晶子","よさの","あきこ","よさの","あきこ","Yosano","Akiko","著者","1878-12-07","1942-05-29","なし","晶子詩篇全集","実業之日本社","1929（昭和4）年1月20日","1929（昭和4）年1月20日","1929（昭和4）年1月20日","","","","","","","","","","","","武田秀男","kazuishi","https://www.aozora.gr.jp/cards/000885/files/2557_ruby_13911.zip","2012-03-23","ShiftJIS","JIS X 0208","3","https://www.aozora.gr.jp/cards/000885/files/2557_15784.html","2012-03-23","ShiftJIS","JIS X 0208","3"
"002560","註釈与謝野寛全集","ちゅうしゃくよさのひろしぜんしゅう","ちゆうしやくよさのひろしせんしゆう","","","","「冬柏」新詩社、1935（昭和10）年6月号、7月号、9月号、10月号、12月号、1936（昭和11）年2月号","NDC 911","新字旧仮名","なし",2005-04-10,2014-09-18,"https://www.aozora.gr.jp/cards/000885/card2560.html","000885","与謝野","晶子","よさの","あきこ","よさの","あきこ","Yosano","Akiko","著者","1878-12-07","1942-05-29","なし","冬柏","新詩社","1935（昭和10）年6月号、7月号、9月号、10月号、12月号、1936（昭和11）年2月号","　","　","","","","","","","","","","","","武田秀男","土屋隆","https://www.aozora.gr.jp/cards/000885/files/2560_ruby_17980.zip","2005-03-16","ShiftJIS","JIS X 0208","0","https://www.aozora.gr.jp/cards/000885/files/2560_18074.html","2005-03-16","ShiftJIS","JIS X 0208","0"
"002168","巴里より","パリイより","はりいより","","","","","NDC 915","新字旧仮名","なし",2011-06-01,2014-09-16,"https://www.aozora.gr.jp/cards/000320/card2168.html","000885","与謝野","晶子","よさの","あきこ","よさの","あきこ","Yosano","Akiko","著者","1878-12-07","1942-05-29","なし","巴里より","金尾文淵堂","1914（大正3）年5月3日","1914（大正3）年5月3日","1914（大正3）年5月3日","","","","","","","","","","","","武田秀男","松永正敏","https://www.aozora.gr.jp/cards/000320/files/2168_ruby_16254.zip","2011-05-15","ShiftJIS","JIS X 0208","0","https://www.aozora.gr.jp/cards/000320/files/2168_42800.html","2011-05-15","ShiftJIS","JIS X 0208","0"
"002169","礼厳法師歌集","れいごんほうしかしゅう","れいこんほうしかしゆう","","","","","NDC 911","新字旧仮名","なし",2004-07-24,2014-09-18,"https://www.aozora.gr.jp/cards/000321/card2169.html","000320","与謝野","寛","よさの","ひろし","よさの","ひろし","Yosano","Hiroshi","編者","1873-02-26","1935-03-26","なし","明治文学全集64　明治歌人集","筑摩書房","1968（昭和43）年9月25日","1968（昭和43）年9月25日第1刷","1968（昭和43）年9月25日第1刷","禮嚴法師歌集","新詩社","1910（明治43）年8月","","","","","","","","","武田秀男","Juki","https://www.aozora.gr.jp/cards/000321/files/2169_ruby_15940.zip","2004-06-24","ShiftJIS","JIS X 0208","0","https://www.aozora.gr.jp/cards/000321/files/2169_15941.html","2004-06-24","ShiftJIS","JIS X 0208","0"
"052434","随筆　宮本武蔵","ずいひつ　みやもとむさし","すいひつみやもとむさし","","","","","NDC 914","新字新仮名","なし",2013-03-06,2014-09-16,"https://www.aozora.gr.jp/cards/001562/card52434.html","001562","吉川","英治","よしかわ","えいじ","よしかわ","えいし","Yoshikawa","Eiji","著者","1892-08-11","1962-09-07","なし","随筆　宮本武蔵／随筆　私本太平記","吉川英治歴史時代文庫　補5、講談社","1990（平成2）年10月11日","2003（平成15）年3月5日第9刷","2003（平成15）年3月5日第9刷","","","","","","","","","","","","門田裕志","仙酔ゑびす","https://www.aozora.gr.jp/cards/001562/files/52434_ruby_49776.zip","2013-01-03","ShiftJIS","JIS X 0208","0","https://www.aozora.gr.jp/cards/001562/files/52434_49777.html","2013-01-03","ShiftJIS","JIS X 0208","0"
"043670","経済学及び課税の諸原理","けいざいがくおよびかぜいのしょげんり","けいさいかくおよひかせいのしよけんり","","","PRINCIPLES OF POLITICAL ECONOMY AND TAXATION","","NDC 331","新字新仮名","なし",2005-07-21,2014-09-18,"https://www.aozora.gr.jp/cards/001164/card43670.html","001150","吉田","秀夫","よしだ","ひでお","よした","ひてお","Yoshida","Hideo","翻訳者","1906","1953","なし","經濟學及び課税の諸原理","春秋社","1948（昭和23）年5月20日","1948（昭和23）年5月20日第1刷","1948（昭和23）年5月20日第1刷","","","","","","","","","","","","京都大学電子テクスト研究会入力班","京都大学電子テクスト研究会校正班","https://www.aozora.gr.jp/cards/001164/files/43670_ruby_18588.zip","2014-04-05","ShiftJIS","JIS X 0208","1","https://www.aozora.gr.jp/cards/001164/files/43670_18988.html","2014-04-05","ShiftJIS","JIS X 0208","1"
"000342","女百貨店","おんなひゃっかてん","おんなひやつかてん","","","","","NDC 913","新字新仮名","なし",2000-06-13,2014-09-17,"https://www.aozora.gr.jp/cards/000043/card342.html","000043","吉行","エイスケ","よしゆき","えいすけ","よしゆき","えいすけ","Yoshiyuki","Eisuke","著者","1906-05-10","1940-07-08","なし","吉行エイスケ作品集","文園社","1997（平成9）年7月10日","1997（平成9）年7月18日第2刷","","吉行エイスケ作品集II　飛行機から堕ちるまで","冬樹社","1977（昭和52）年11月30日","","","","","","","","","霊鷲類子、宮脇叔恵","大野晋","https://www.aozora.gr.jp/cards/000043/files/342_ruby_34713.zip","2009-03-19","ShiftJIS","JIS X 0208","2","https://www.aozora.gr.jp/cards/000043/files/342_34714.html","2009-03-19","ShiftJIS","JIS X 0208","1"
"002190","白金神経の少女","プラチナしんけいのしょうじょ","ふらちなしんけいのしようしよ","","","","「奇譚」1939（昭和14）年8月","NDC 913","新字新仮名","なし",2007-01-19,2014-09-21,"https://www.aozora.gr.jp/cards/000325/card2190.html","000325","蘭","郁二郎","らん","いくじろう","らん","いくしろう","Ran","Ikujiro","著者","1913-09-02","1944-01-05","なし","火星の魔術師","国書刊行会","1993（平成5）年7月20日","1993（平成5）年7月20日初版第1刷","1993（平成5）年7月20日初版第1刷","百万の目撃者","越後屋書房","1942（昭和17）年","","","","","","","","","門田裕志","川山隆","https://www.aozora.gr.jp/cards/000325/files/2190_ruby_24730.zip","2006-12-30","ShiftJIS","JIS X 0208","0","https://www.aozora.gr.jp/cards/000325/files/2190_25517.html","2006-12-30","ShiftJIS","JIS X 0208","0"
"004649","みなかみ紀行","みなかみきこう","みなかみきこう","","","","","NDC 915","旧字旧仮名","なし",2004-06-03,2014-10-31,"https://www.aozora.gr.jp/cards/000162/card4649.html","000162","若山","牧水","わかやま","ぼくすい","わかやま","ほくすい","Wakayama","Bokusui","著者","1885-08-24","1928-09-17","なし","現代日本紀行文学全集　東日本編","ほるぷ出版","1976（昭和51）年8月1日","1976（昭和51）年8月1日初版","","","","","","","","","","","","","林幸雄","松永正敏","https://www.aozora.gr.jp/cards/000162/files/4649_ruby_15323.zip","2004-08-30","ShiftJIS","JIS X 0208","1","https://www.aozora.gr.jp/cards/000162/files/4649_15562.html","2004-08-30","ShiftJIS","JIS X 0208","1"
"000195","可哀相な姉","かわいそうなあね","かわいそうなあね","","","","「新青年」1927（昭和2）年10月","NDC 913","新字新仮名","なし",2000-02-11,2014-09-17,"https://www.aozora.gr.jp/cards/000020/card195.html","000020","渡辺","温","わたなべ","おん","わたなへ","おん","Watanabe","On","著者","1902-08-26","1930-02-10","なし","アンドロギュノスの裔","薔薇十字社","1970（昭和45）年9月1日","","","","","","","","","","","","","","森下祐行","もりみつじゅんじ","https://www.aozora.gr.jp/cards/000020/files/195_ruby_26090.zip","2007-11-04","ShiftJIS","JIS X 0208","3","https://www.aozora.gr.jp/cards/000020/files/195_26091.html","2007-11-04","ShiftJIS","JIS X 0208","1"
